:TYPE	id:int	parlamentarier_id:START_ID(parlamentarier_id)	kommission_id:END_ID(kommission_id)	funktion:string	parlament_committee_function:int	parlament_committee_function_name:string	von:date	bis:date	freigabe_datum:localdatetime
IST_IN_KOMMISSION	27	11	1	"mitglied"	1	"Mitglied"			2015-06-19T12:40:36
IST_IN_KOMMISSION	32	14	1	"mitglied"	1	"Mitglied"			2015-06-19T12:40:36
IST_IN_KOMMISSION	34	15	13	"mitglied"	1	"Mitglied"			2015-06-20T00:00:00
IST_IN_KOMMISSION	35	15	1	"mitglied"	1	"Mitglied"			2015-06-19T12:40:36
IST_IN_KOMMISSION	97	34	47	"mitglied"	1	"Mitglied"			2015-06-19T12:40:36
IST_IN_KOMMISSION	106	36	49	"mitglied"	1	"Mitglied"			2015-06-20T00:00:00
IST_IN_KOMMISSION	114	38	47	"mitglied"	1	"Mitglied"			2015-06-19T12:40:36
IST_IN_KOMMISSION	115	38	53	"mitglied"	1	"Mitglied"			2015-06-20T00:00:00
IST_IN_KOMMISSION	119	238	54	"mitglied"	1	"Mitglied"			2015-06-20T00:00:00
IST_IN_KOMMISSION	120	238	53	"mitglied"	1	"Mitglied"			2015-06-20T00:00:00
IST_IN_KOMMISSION	125	51	3	"mitglied"	1	"Mitglied"			2015-06-19T12:40:36
IST_IN_KOMMISSION	134	122	3	"mitglied"	1	"Mitglied"			2015-06-19T12:40:36
IST_IN_KOMMISSION	141	180	3	"mitglied"	1	"Mitglied"			2015-06-19T12:40:36
IST_IN_KOMMISSION	147	212	3	"mitglied"	1	"Mitglied"			2015-06-19T12:40:36
IST_IN_KOMMISSION	164	39	17	"mitglied"	1	"Mitglied"			2015-06-20T00:00:00
IST_IN_KOMMISSION	166	75	17	"mitglied"	1	"Mitglied"			2015-06-20T00:00:00
IST_IN_KOMMISSION	168	89	17	"mitglied"	1	"Mitglied"			2015-06-20T00:00:00
IST_IN_KOMMISSION	173	142	17	"mitglied"	1	"Mitglied"			2015-06-20T00:00:00
IST_IN_KOMMISSION	180	161	17	"mitglied"	1	"Mitglied"			2015-06-20T00:00:00
IST_IN_KOMMISSION	199	67	9	"mitglied"	1	"Mitglied"			2015-06-20T00:00:00
IST_IN_KOMMISSION	204	117	9	"mitglied"	1	"Mitglied"			2015-06-20T00:00:00
IST_IN_KOMMISSION	205	127	9	"mitglied"	1	"Mitglied"			2015-06-20T00:00:00
IST_IN_KOMMISSION	211	167	9	"mitglied"	1	"Mitglied"			2015-06-20T00:00:00
IST_IN_KOMMISSION	218	210	9	"mitglied"	1	"Mitglied"			2015-06-20T00:00:00
IST_IN_KOMMISSION	236	83	7	"mitglied"	1	"Mitglied"			2015-06-20T00:00:00
IST_IN_KOMMISSION	237	88	7	"mitglied"	1	"Mitglied"			2015-06-20T00:00:00
IST_IN_KOMMISSION	267	65	5	"mitglied"	1	"Mitglied"			2015-06-20T00:00:00
IST_IN_KOMMISSION	268	85	5	"mitglied"	1	"Mitglied"			2015-06-20T00:00:00
IST_IN_KOMMISSION	276	120	5	"mitglied"	1	"Mitglied"			2015-06-20T00:00:00
IST_IN_KOMMISSION	286	170	5	"mitglied"	1	"Mitglied"			2015-06-20T00:00:00
IST_IN_KOMMISSION	289	212	5	"mitglied"	1	"Mitglied"			2015-06-20T00:00:00
IST_IN_KOMMISSION	305	53	11	"mitglied"	1	"Mitglied"			2015-06-19T12:40:36
IST_IN_KOMMISSION	306	55	11	"mitglied"	1	"Mitglied"			2015-06-19T12:40:36
IST_IN_KOMMISSION	317	250	11	"mitglied"	1	"Mitglied"			2015-06-19T12:40:36
IST_IN_KOMMISSION	322	178	11	"mitglied"	1	"Mitglied"			2015-06-19T12:40:36
IST_IN_KOMMISSION	329	223	52	"mitglied"	1	"Mitglied"			2015-06-19T12:40:36
IST_IN_KOMMISSION	331	227	52	"mitglied"	1	"Mitglied"			2015-06-19T12:40:36
IST_IN_KOMMISSION	343	98	13	"mitglied"	1	"Mitglied"			2015-06-20T00:00:00
IST_IN_KOMMISSION	348	144	13	"mitglied"	1	"Mitglied"			2015-06-20T00:00:00
IST_IN_KOMMISSION	351	166	13	"mitglied"	1	"Mitglied"			2015-06-20T00:00:00
IST_IN_KOMMISSION	353	182	13	"mitglied"	1	"Mitglied"			2015-06-20T00:00:00
IST_IN_KOMMISSION	355	195	13	"mitglied"	1	"Mitglied"			2015-06-20T00:00:00
IST_IN_KOMMISSION	360	223	53	"mitglied"	1	"Mitglied"			2015-06-20T00:00:00
IST_IN_KOMMISSION	370	83	15	"mitglied"	1	"Mitglied"			2015-06-20T00:00:00
IST_IN_KOMMISSION	379	158	15	"mitglied"	1	"Mitglied"			2015-06-20T00:00:00
IST_IN_KOMMISSION	380	172	15	"mitglied"	1	"Mitglied"			2015-06-20T00:00:00
IST_IN_KOMMISSION	396	230	54	"mitglied"	1	"Mitglied"			2015-06-20T00:00:00
IST_IN_KOMMISSION	398	235	54	"mitglied"	1	"Mitglied"			2015-06-20T00:00:00
IST_IN_KOMMISSION	408	99	19	"mitglied"	1	"Mitglied"			2015-06-20T00:00:00
IST_IN_KOMMISSION	410	104	19	"mitglied"	1	"Mitglied"			2015-06-20T00:00:00
IST_IN_KOMMISSION	411	108	19	"mitglied"	1	"Mitglied"			2015-06-20T00:00:00
IST_IN_KOMMISSION	421	190	19	"mitglied"	1	"Mitglied"			2015-06-20T00:00:00
IST_IN_KOMMISSION	433	230	56	"mitglied"	1	"Mitglied"			2015-06-20T00:00:00
IST_IN_KOMMISSION	437	246	56	"mitglied"	1	"Mitglied"			2015-06-20T00:00:00
IST_IN_KOMMISSION	444	75	27	"mitglied"	1	"Mitglied"			2015-06-20T00:00:00
IST_IN_KOMMISSION	455	195	27	"mitglied"	1	"Mitglied"			2015-06-20T00:00:00
IST_IN_KOMMISSION	617	60	39	"mitglied"	9	"Stimmenzähler/in"			2015-06-20T00:00:00
IST_IN_KOMMISSION	620	103	39	"mitglied"	9	"Stimmenzähler/in"			2015-06-20T00:00:00
IST_IN_KOMMISSION	626	147	39	"mitglied"	11	"Fraktionspräsident/in"			2015-06-20T00:00:00
IST_IN_KOMMISSION	638	41	11	"mitglied"	1	"Mitglied"			2015-06-19T12:40:36
IST_IN_KOMMISSION	714	88	39	"mitglied"	10	"Ersatzstimmenzähler/in"	2015-11-30		2015-11-30T00:00:00
IST_IN_KOMMISSION	718	159	39	"mitglied"	11	"Fraktionspräsident/in"	2015-11-30		2015-11-30T00:00:00
IST_IN_KOMMISSION	729	57	19	"mitglied"	1	"Mitglied"	2015-12-19		2015-12-19T00:00:00
IST_IN_KOMMISSION	730	269	19	"mitglied"	1	"Mitglied"	2015-12-19		2015-12-19T00:00:00
IST_IN_KOMMISSION	735	127	19	"mitglied"	1	"Mitglied"	2015-12-19		2015-12-19T00:00:00
IST_IN_KOMMISSION	741	305	19	"mitglied"	1	"Mitglied"	2015-12-19		2015-12-19T00:00:00
IST_IN_KOMMISSION	746	6	27	"mitglied"	1	"Mitglied"	2015-12-19		2015-12-19T00:00:00
IST_IN_KOMMISSION	747	80	27	"mitglied"	1	"Mitglied"	2015-12-19		2015-12-19T00:00:00
IST_IN_KOMMISSION	751	287	27	"mitglied"	1	"Mitglied"	2015-12-19		2015-12-19T00:00:00
IST_IN_KOMMISSION	754	297	27	"mitglied"	1	"Mitglied"	2015-12-19		2015-12-19T00:00:00
IST_IN_KOMMISSION	760	264	17	"mitglied"	1	"Mitglied"	2015-12-19		2015-12-19T00:00:00
IST_IN_KOMMISSION	764	276	17	"mitglied"	1	"Mitglied"	2015-12-19		2015-12-19T00:00:00
IST_IN_KOMMISSION	766	291	17	"mitglied"	1	"Mitglied"	2015-12-19		2015-12-19T00:00:00
IST_IN_KOMMISSION	767	158	17	"mitglied"	1	"Mitglied"	2015-12-19		2015-12-19T00:00:00
IST_IN_KOMMISSION	768	248	17	"mitglied"	1	"Mitglied"	2015-12-19		2015-12-19T00:00:00
IST_IN_KOMMISSION	771	310	17	"mitglied"	1	"Mitglied"	2015-12-19		2015-12-19T00:00:00
IST_IN_KOMMISSION	776	279	9	"mitglied"	1	"Mitglied"	2015-12-19		2015-12-19T00:00:00
IST_IN_KOMMISSION	789	80	1	"mitglied"	1	"Mitglied"	2015-12-19		2015-12-19T00:00:00
IST_IN_KOMMISSION	791	110	1	"mitglied"	1	"Mitglied"	2015-12-19		2015-12-19T00:00:00
IST_IN_KOMMISSION	793	117	1	"mitglied"	1	"Mitglied"	2015-12-19		2015-12-19T00:00:00
IST_IN_KOMMISSION	795	302	1	"mitglied"	1	"Mitglied"	2015-12-19		2015-12-19T00:00:00
IST_IN_KOMMISSION	797	289	3	"mitglied"	1	"Mitglied"	2015-12-19		2015-12-19T00:00:00
IST_IN_KOMMISSION	800	300	3	"mitglied"	1	"Mitglied"	2015-12-19		2015-12-19T00:00:00
IST_IN_KOMMISSION	807	120	7	"mitglied"	1	"Mitglied"	2015-12-19		2015-12-19T00:00:00
IST_IN_KOMMISSION	812	304	7	"mitglied"	1	"Mitglied"	2015-12-19		2015-12-19T00:00:00
IST_IN_KOMMISSION	814	312	7	"mitglied"	1	"Mitglied"	2015-12-19		2015-12-19T00:00:00
IST_IN_KOMMISSION	818	268	5	"mitglied"	1	"Mitglied"	2015-12-19		2015-12-19T00:00:00
IST_IN_KOMMISSION	826	167	5	"mitglied"	1	"Mitglied"	2015-12-19		2015-12-19T00:00:00
IST_IN_KOMMISSION	828	182	5	"mitglied"	1	"Mitglied"	2015-12-19		2015-12-19T00:00:00
IST_IN_KOMMISSION	829	44	11	"mitglied"	1	"Mitglied"	2015-12-19		2015-12-19T00:00:00
IST_IN_KOMMISSION	832	101	11	"mitglied"	1	"Mitglied"	2015-12-19		2015-12-19T00:00:00
IST_IN_KOMMISSION	833	132	11	"mitglied"	1	"Mitglied"	2015-12-19		2015-12-19T00:00:00
IST_IN_KOMMISSION	836	294	11	"mitglied"	1	"Mitglied"	2015-12-19		2015-12-19T00:00:00
IST_IN_KOMMISSION	839	21	11	"mitglied"	1	"Mitglied"	2015-12-19		2015-12-19T00:00:00
IST_IN_KOMMISSION	840	251	11	"mitglied"	1	"Mitglied"	2015-12-19		2015-12-19T00:00:00
IST_IN_KOMMISSION	841	261	13	"mitglied"	1	"Mitglied"	2015-12-19		2015-12-19T00:00:00
IST_IN_KOMMISSION	843	265	13	"mitglied"	1	"Mitglied"	2015-12-19		2015-12-19T00:00:00
IST_IN_KOMMISSION	845	270	13	"mitglied"	1	"Mitglied"	2015-12-19		2015-12-19T00:00:00
IST_IN_KOMMISSION	851	147	13	"mitglied"	1	"Mitglied"	2015-12-19		2015-12-19T00:00:00
IST_IN_KOMMISSION	855	306	13	"mitglied"	1	"Mitglied"	2015-12-19		2015-12-19T00:00:00
IST_IN_KOMMISSION	856	211	13	"mitglied"	1	"Mitglied"	2015-12-19		2015-12-19T00:00:00
IST_IN_KOMMISSION	858	264	15	"mitglied"	1	"Mitglied"	2015-12-19		2015-12-19T00:00:00
IST_IN_KOMMISSION	862	93	15	"mitglied"	1	"Mitglied"	2015-12-19		2015-12-19T00:00:00
IST_IN_KOMMISSION	869	308	15	"mitglied"	1	"Mitglied"	2015-12-19		2015-12-19T00:00:00
IST_IN_KOMMISSION	873	316	56	"mitglied"	1	"Mitglied"	2015-12-19		2015-12-19T00:00:00
IST_IN_KOMMISSION	886	125	55	"mitglied"	1	"Mitglied"	2015-12-19		2015-12-19T00:00:00
IST_IN_KOMMISSION	889	238	55	"mitglied"	1	"Mitglied"	2015-12-19		2015-12-19T00:00:00
IST_IN_KOMMISSION	898	219	47	"mitglied"	1	"Mitglied"	2015-12-19		2015-12-19T00:00:00
IST_IN_KOMMISSION	899	315	47	"mitglied"	1	"Mitglied"	2015-12-19		2015-12-19T00:00:00
IST_IN_KOMMISSION	907	318	48	"mitglied"	1	"Mitglied"	2015-12-19		2015-12-19T00:00:00
IST_IN_KOMMISSION	908	160	48	"mitglied"	1	"Mitglied"	2015-12-19		2015-12-19T00:00:00
IST_IN_KOMMISSION	909	319	48	"mitglied"	1	"Mitglied"	2015-12-19		2015-12-19T00:00:00
IST_IN_KOMMISSION	911	246	48	"mitglied"	1	"Mitglied"	2015-12-19		2015-12-19T00:00:00
IST_IN_KOMMISSION	915	86	50	"mitglied"	1	"Mitglied"	2015-12-19		2015-12-19T00:00:00
IST_IN_KOMMISSION	918	34	50	"mitglied"	1	"Mitglied"	2015-12-19		2015-12-19T00:00:00
IST_IN_KOMMISSION	919	321	50	"mitglied"	1	"Mitglied"	2015-12-19		2015-12-19T00:00:00
IST_IN_KOMMISSION	924	228	49	"mitglied"	1	"Mitglied"	2015-12-19		2015-12-19T00:00:00
IST_IN_KOMMISSION	929	160	52	"mitglied"	1	"Mitglied"	2015-12-19		2015-12-19T00:00:00
IST_IN_KOMMISSION	931	246	52	"mitglied"	1	"Mitglied"	2015-12-19		2015-12-19T00:00:00
IST_IN_KOMMISSION	939	66	54	"mitglied"	1	"Mitglied"	2015-12-19		2015-12-19T00:00:00
IST_IN_KOMMISSION	941	223	54	"mitglied"	1	"Mitglied"	2015-12-19		2015-12-19T00:00:00
IST_IN_KOMMISSION	944	242	54	"mitglied"	1	"Mitglied"	2015-12-19		2015-12-19T00:00:00
IST_IN_KOMMISSION	1038	6	60	"mitglied"	12	"Stellvertreter/in"	2015-12-19		2015-12-19T00:00:00
IST_IN_KOMMISSION	1081	299	3	"mitglied"	1	"Mitglied"	2016-02-15		2016-02-15T00:00:00
IST_IN_KOMMISSION	1126	99	7	"mitglied"	1	"Mitglied"	2016-09-03		2016-09-03T00:00:00
IST_IN_KOMMISSION	1140	315	49	"mitglied"	1	"Mitglied"	2016-12-24		2016-12-24T00:00:00
IST_IN_KOMMISSION	1141	187	19	"mitglied"	1	"Mitglied"	2017-02-28		2017-02-28T00:00:00
IST_IN_KOMMISSION	1156	256	19	"mitglied"	1	"Mitglied"	2017-09-15		2017-09-15T00:00:00
IST_IN_KOMMISSION	1160	41	39	"mitglied"	11	"Fraktionspräsident/in"	2017-11-24		2017-11-24T00:00:00
IST_IN_KOMMISSION	1161	251	39	"mitglied"	11	"Fraktionspräsident/in"	2017-11-24		2017-11-24T00:00:00
IST_IN_KOMMISSION	1166	110	19	"mitglied"	1	"Mitglied"	2017-12-01		2017-12-01T00:00:00
IST_IN_KOMMISSION	1169	298	19	"mitglied"	1	"Mitglied"	2017-12-01		2017-12-01T00:00:00
IST_IN_KOMMISSION	1171	116	27	"mitglied"	1	"Mitglied"	2017-12-01		2017-12-01T00:00:00
IST_IN_KOMMISSION	1174	60	17	"mitglied"	1	"Mitglied"	2017-12-01		2017-12-01T00:00:00
IST_IN_KOMMISSION	1180	41	1	"mitglied"	1	"Mitglied"	2017-12-01		2017-12-01T00:00:00
IST_IN_KOMMISSION	1183	297	1	"mitglied"	1	"Mitglied"	2017-12-01		2017-12-01T00:00:00
IST_IN_KOMMISSION	1186	153	3	"mitglied"	1	"Mitglied"	2017-12-01		2017-12-01T00:00:00
IST_IN_KOMMISSION	1216	38	57	"mitglied"	1	"Mitglied"	2017-12-01		2017-12-01T00:00:00
IST_IN_KOMMISSION	1218	235	55	"mitglied"	1	"Mitglied"	2017-12-01		2017-12-01T00:00:00
IST_IN_KOMMISSION	1221	228	51	"mitglied"	1	"Mitglied"	2017-12-01		2017-12-01T00:00:00
IST_IN_KOMMISSION	1233	86	49	"mitglied"	1	"Mitglied"	2017-12-01		2017-12-01T00:00:00
IST_IN_KOMMISSION	1237	242	52	"mitglied"	1	"Mitglied"	2017-12-01		2017-12-01T00:00:00
IST_IN_KOMMISSION	1254	166	60	"mitglied"	1	"Mitglied"	2017-12-01		2017-12-01T00:00:00
IST_IN_KOMMISSION	1256	327	17	"mitglied"	1	"Mitglied"	2017-12-01		2017-12-01T00:00:00
IST_IN_KOMMISSION	1258	326	7	"mitglied"	1	"Mitglied"	2017-12-01		2017-12-01T00:00:00
IST_IN_KOMMISSION	1296	183	11	"mitglied"	1	"Mitglied"	2018-03-16		2018-03-16T00:00:00
IST_IN_KOMMISSION	1298	334	27	"mitglied"	1	"Mitglied"	2018-03-16		2018-03-16T00:00:00
IST_IN_KOMMISSION	1299	332	17	"mitglied"	1	"Mitglied"	2018-03-16		2018-03-16T00:00:00
IST_IN_KOMMISSION	1306	40	5	"mitglied"	1	"Mitglied"	2018-06-01		2018-06-01T00:00:00
IST_IN_KOMMISSION	1309	293	15	"mitglied"	1	"Mitglied"	2018-06-01		2018-06-01T00:00:00
IST_IN_KOMMISSION	1313	331	1	"mitglied"	1	"Mitglied"	2018-06-15		2018-06-15T00:00:00
IST_IN_KOMMISSION	1314	337	9	"mitglied"	1	"Mitglied"	2018-06-15		2018-06-15T00:00:00
IST_IN_KOMMISSION	1321	15	59	"mitglied"	1	"Mitglied"	2018-11-16		2018-11-16T00:00:00
IST_IN_KOMMISSION	1336	34	59	"mitglied"	1	"Mitglied"	2018-12-01		2018-12-01T00:00:00
IST_IN_KOMMISSION	1337	38	59	"mitglied"	1	"Mitglied"	2018-12-01		2018-12-01T00:00:00
IST_IN_KOMMISSION	1342	49	11	"mitglied"	1	"Mitglied"	2018-12-14		2018-12-14T00:00:00
IST_IN_KOMMISSION	1346	339	13	"mitglied"	1	"Mitglied"	2018-12-14		2018-12-14T00:00:00
IST_IN_KOMMISSION	1359	328	9	"mitglied"	1	"Mitglied"	2019-01-11		2019-01-11T00:00:00
IST_IN_KOMMISSION	1360	277	11	"mitglied"	1	"Mitglied"	2019-01-11		2019-01-11T00:00:00
IST_IN_KOMMISSION	1373	340	15	"mitglied"	1	"Mitglied"	2019-03-09		2019-03-09T00:00:00
IST_IN_KOMMISSION	1374	341	3	"mitglied"	1	"Mitglied"	2019-04-02		2019-04-02T00:00:00
IST_IN_KOMMISSION	1380	305	5	"mitglied"	1	"Mitglied"	2019-06-07		2019-06-07T00:00:00
IST_IN_KOMMISSION	1381	280	60	"mitglied"	1	"Mitglied"	2019-06-07		2019-06-07T00:00:00
IST_IN_KOMMISSION	1382	344	1	"mitglied"	1	"Mitglied"	2019-06-07		2019-06-07T00:00:00
IST_IN_KOMMISSION	1384	76	57	"mitglied"	1	"Mitglied"	2019-06-21		2019-06-21T00:00:00
IST_IN_KOMMISSION	1385	319	55	"mitglied"	1	"Mitglied"	2019-06-21		2019-06-21T00:00:00
IST_IN_KOMMISSION	1387	228	47	"mitglied"	1	"Mitglied"	2019-06-21		2019-06-21T00:00:00
IST_IN_KOMMISSION	1388	317	47	"mitglied"	1	"Mitglied"	2019-06-21		2019-06-21T00:00:00
IST_IN_KOMMISSION	1389	219	48	"mitglied"	1	"Mitglied"	2019-06-21		2019-06-21T00:00:00
IST_IN_KOMMISSION	1391	316	52	"mitglied"	1	"Mitglied"	2019-06-21		2019-06-21T00:00:00
IST_IN_KOMMISSION	1392	76	53	"mitglied"	1	"Mitglied"	2019-06-21		2019-06-21T00:00:00
IST_IN_KOMMISSION	1394	340	60	"mitglied"	12	"Stellvertreter/in"	2019-09-02		2019-09-02T00:00:00
IST_IN_KOMMISSION	1396	371	39	"mitglied"	10	"Ersatzstimmenzähler/in"	2019-12-02		2019-12-02T00:00:00
IST_IN_KOMMISSION	1397	269	39	"mitglied"	9	"Stimmenzähler/in"	2019-12-02		2019-12-02T00:00:00
IST_IN_KOMMISSION	1398	75	39	"mitglied"	10	"Ersatzstimmenzähler/in"	2019-12-02		2019-12-02T00:00:00
IST_IN_KOMMISSION	1400	337	39	"mitglied"	10	"Ersatzstimmenzähler/in"	2019-12-02		2019-12-02T00:00:00
IST_IN_KOMMISSION	1402	331	39	"mitglied"	9	"Stimmenzähler/in"	2019-12-02		2019-12-02T00:00:00
IST_IN_KOMMISSION	1415	39	59	"mitglied"	1	"Mitglied"	2019-12-02		2019-12-02T00:00:00
IST_IN_KOMMISSION	1416	230	59	"mitglied"	1	"Mitglied"	2019-12-02		2019-12-02T00:00:00
IST_IN_KOMMISSION	1417	329	59	"mitglied"	1	"Mitglied"	2019-12-02		2019-12-02T00:00:00
IST_IN_KOMMISSION	1419	371	19	"mitglied"	1	"Mitglied"	2019-12-16		2019-12-16T00:00:00
IST_IN_KOMMISSION	1420	355	19	"mitglied"	1	"Mitglied"	2019-12-16		2019-12-16T00:00:00
IST_IN_KOMMISSION	1421	389	19	"mitglied"	1	"Mitglied"	2019-12-16		2019-12-16T00:00:00
IST_IN_KOMMISSION	1422	393	19	"mitglied"	1	"Mitglied"	2019-12-16		2019-12-16T00:00:00
IST_IN_KOMMISSION	1424	82	19	"vizepraesident"	6	"Vizepräsident/in"	2019-12-16		2019-12-16T00:00:00
IST_IN_KOMMISSION	1425	89	19	"mitglied"	1	"Mitglied"	2019-12-16		2019-12-16T00:00:00
IST_IN_KOMMISSION	1426	391	19	"mitglied"	1	"Mitglied"	2019-12-16		2019-12-16T00:00:00
IST_IN_KOMMISSION	1427	407	19	"mitglied"	1	"Mitglied"	2019-12-16		2019-12-16T00:00:00
IST_IN_KOMMISSION	1429	354	19	"mitglied"	1	"Mitglied"	2019-12-16		2019-12-16T00:00:00
IST_IN_KOMMISSION	1430	366	19	"mitglied"	1	"Mitglied"	2019-12-16		2019-12-16T00:00:00
IST_IN_KOMMISSION	1431	265	27	"mitglied"	1	"Mitglied"	2019-12-16		2019-12-16T00:00:00
IST_IN_KOMMISSION	1432	364	27	"mitglied"	1	"Mitglied"	2019-12-16		2019-12-16T00:00:00
IST_IN_KOMMISSION	1433	55	27	"vizepraesident"	6	"Vizepräsident/in"	2019-12-16		2019-12-16T00:00:00
IST_IN_KOMMISSION	1434	369	27	"mitglied"	1	"Mitglied"	2019-12-16		2019-12-16T00:00:00
IST_IN_KOMMISSION	1435	348	27	"mitglied"	1	"Mitglied"	2019-12-16		2019-12-16T00:00:00
IST_IN_KOMMISSION	1436	289	27	"mitglied"	1	"Mitglied"	2019-12-16		2019-12-16T00:00:00
IST_IN_KOMMISSION	1437	314	27	"mitglied"	1	"Mitglied"	2019-12-16		2019-12-16T00:00:00
IST_IN_KOMMISSION	1438	153	27	"mitglied"	1	"Mitglied"	2019-12-16		2019-12-16T00:00:00
IST_IN_KOMMISSION	1439	333	27	"mitglied"	1	"Mitglied"	2019-12-16		2019-12-16T00:00:00
IST_IN_KOMMISSION	1440	408	27	"mitglied"	1	"Mitglied"	2019-12-16		2019-12-16T00:00:00
IST_IN_KOMMISSION	1441	411	27	"mitglied"	1	"Mitglied"	2019-12-16		2019-12-16T00:00:00
IST_IN_KOMMISSION	1442	304	27	"mitglied"	1	"Mitglied"	2019-12-16		2019-12-16T00:00:00
IST_IN_KOMMISSION	1443	353	27	"mitglied"	1	"Mitglied"	2019-12-16		2019-12-16T00:00:00
IST_IN_KOMMISSION	1445	206	27	"praesident"	2	"Präsident/in"	2019-12-16		2019-12-16T00:00:00
IST_IN_KOMMISSION	1446	386	27	"mitglied"	1	"Mitglied"	2019-12-16		2019-12-16T00:00:00
IST_IN_KOMMISSION	1447	355	17	"mitglied"	1	"Mitglied"	2019-12-16		2019-12-16T00:00:00
IST_IN_KOMMISSION	1448	49	17	"mitglied"	1	"Mitglied"	2019-12-16		2019-12-16T00:00:00
IST_IN_KOMMISSION	1449	63	17	"mitglied"	1	"Mitglied"	2019-12-16		2019-12-16T00:00:00
IST_IN_KOMMISSION	1450	330	17	"mitglied"	1	"Mitglied"	2019-12-16		2019-12-16T00:00:00
IST_IN_KOMMISSION	1451	82	17	"mitglied"	1	"Mitglied"	2019-12-16		2019-12-16T00:00:00
IST_IN_KOMMISSION	1452	374	17	"mitglied"	1	"Mitglied"	2019-12-16		2019-12-16T00:00:00
IST_IN_KOMMISSION	1453	285	17	"vizepraesident"	6	"Vizepräsident/in"	2019-12-16		2019-12-16T00:00:00
IST_IN_KOMMISSION	1454	147	17	"praesident"	2	"Präsident/in"	2019-12-16		2019-12-16T00:00:00
IST_IN_KOMMISSION	1455	166	17	"mitglied"	1	"Mitglied"	2019-12-16		2019-12-16T00:00:00
IST_IN_KOMMISSION	1456	188	17	"mitglied"	1	"Mitglied"	2019-12-16		2019-12-16T00:00:00
IST_IN_KOMMISSION	1457	422	17	"mitglied"	1	"Mitglied"	2019-12-16		2019-12-16T00:00:00
IST_IN_KOMMISSION	1458	40	9	"mitglied"	1	"Mitglied"	2019-12-16		2019-12-16T00:00:00
IST_IN_KOMMISSION	1459	368	9	"mitglied"	1	"Mitglied"	2019-12-16		2019-12-16T00:00:00
IST_IN_KOMMISSION	1460	365	9	"mitglied"	1	"Mitglied"	2019-12-16		2019-12-16T00:00:00
IST_IN_KOMMISSION	1461	390	9	"mitglied"	1	"Mitglied"	2019-12-16		2019-12-16T00:00:00
IST_IN_KOMMISSION	1462	395	9	"vizepraesident"	6	"Vizepräsident/in"	2019-12-16		2019-12-16T00:00:00
IST_IN_KOMMISSION	1463	376	9	"mitglied"	1	"Mitglied"	2019-12-16		2019-12-16T00:00:00
IST_IN_KOMMISSION	1465	343	9	"mitglied"	1	"Mitglied"	2019-12-16		2019-12-16T00:00:00
IST_IN_KOMMISSION	1466	397	9	"mitglied"	1	"Mitglied"	2019-12-16		2019-12-16T00:00:00
IST_IN_KOMMISSION	1467	168	9	"mitglied"	1	"Mitglied"	2019-12-16		2019-12-16T00:00:00
IST_IN_KOMMISSION	1468	412	9	"mitglied"	1	"Mitglied"	2019-12-16		2019-12-16T00:00:00
IST_IN_KOMMISSION	1469	413	9	"mitglied"	1	"Mitglied"	2019-12-16		2019-12-16T00:00:00
IST_IN_KOMMISSION	1470	174	9	"praesident"	2	"Präsident/in"	2019-12-16		2019-12-16T00:00:00
IST_IN_KOMMISSION	1471	417	9	"mitglied"	1	"Mitglied"	2019-12-16		2019-12-16T00:00:00
IST_IN_KOMMISSION	1472	350	9	"mitglied"	1	"Mitglied"	2019-12-16		2019-12-16T00:00:00
IST_IN_KOMMISSION	1473	419	9	"mitglied"	1	"Mitglied"	2019-12-16		2019-12-16T00:00:00
IST_IN_KOMMISSION	1474	372	9	"mitglied"	1	"Mitglied"	2019-12-16		2019-12-16T00:00:00
IST_IN_KOMMISSION	1475	44	1	"mitglied"	1	"Mitglied"	2019-12-16		2019-12-16T00:00:00
IST_IN_KOMMISSION	1476	6	1	"mitglied"	1	"Mitglied"	2019-12-16		2019-12-16T00:00:00
IST_IN_KOMMISSION	1477	278	1	"mitglied"	1	"Mitglied"	2019-12-16		2019-12-16T00:00:00
IST_IN_KOMMISSION	1478	283	1	"mitglied"	1	"Mitglied"	2019-12-16		2019-12-16T00:00:00
IST_IN_KOMMISSION	1479	12	1	"praesident"	2	"Präsident/in"	2019-12-16		2019-12-16T00:00:00
IST_IN_KOMMISSION	1480	359	1	"mitglied"	1	"Mitglied"	2019-12-16		2019-12-16T00:00:00
IST_IN_KOMMISSION	1481	351	1	"mitglied"	1	"Mitglied"	2019-12-16		2019-12-16T00:00:00
IST_IN_KOMMISSION	1482	357	1	"mitglied"	1	"Mitglied"	2019-12-16		2019-12-16T00:00:00
IST_IN_KOMMISSION	1483	296	1	"mitglied"	1	"Mitglied"	2019-12-16		2019-12-16T00:00:00
IST_IN_KOMMISSION	1484	410	1	"mitglied"	1	"Mitglied"	2019-12-16		2019-12-16T00:00:00
IST_IN_KOMMISSION	1485	411	1	"mitglied"	1	"Mitglied"	2019-12-16		2019-12-16T00:00:00
IST_IN_KOMMISSION	1486	180	1	"vizepraesident"	6	"Vizepräsident/in"	2019-12-16		2019-12-16T00:00:00
IST_IN_KOMMISSION	1487	335	1	"mitglied"	1	"Mitglied"	2019-12-16		2019-12-16T00:00:00
IST_IN_KOMMISSION	1488	386	1	"mitglied"	1	"Mitglied"	2019-12-16		2019-12-16T00:00:00
IST_IN_KOMMISSION	1489	57	3	"vizepraesident"	6	"Vizepräsident/in"	2019-12-16		2019-12-16T00:00:00
IST_IN_KOMMISSION	1490	63	3	"mitglied"	1	"Mitglied"	2019-12-16		2019-12-16T00:00:00
IST_IN_KOMMISSION	1491	67	3	"mitglied"	1	"Mitglied"	2019-12-16		2019-12-16T00:00:00
IST_IN_KOMMISSION	1492	383	3	"mitglied"	1	"Mitglied"	2019-12-16		2019-12-16T00:00:00
IST_IN_KOMMISSION	1493	375	3	"mitglied"	1	"Mitglied"	2019-12-16		2019-12-16T00:00:00
IST_IN_KOMMISSION	1494	96	3	"praesident"	2	"Präsident/in"	2019-12-16		2019-12-16T00:00:00
IST_IN_KOMMISSION	1495	314	3	"mitglied"	1	"Mitglied"	2019-12-16		2019-12-16T00:00:00
IST_IN_KOMMISSION	1496	403	3	"mitglied"	1	"Mitglied"	2019-12-16		2019-12-16T00:00:00
IST_IN_KOMMISSION	1497	144	3	"mitglied"	1	"Mitglied"	2019-12-16		2019-12-16T00:00:00
IST_IN_KOMMISSION	1498	154	3	"mitglied"	1	"Mitglied"	2019-12-16		2019-12-16T00:00:00
IST_IN_KOMMISSION	1499	159	3	"mitglied"	1	"Mitglied"	2019-12-16		2019-12-16T00:00:00
IST_IN_KOMMISSION	1500	333	3	"mitglied"	1	"Mitglied"	2019-12-16		2019-12-16T00:00:00
IST_IN_KOMMISSION	1501	379	3	"mitglied"	1	"Mitglied"	2019-12-16		2019-12-16T00:00:00
IST_IN_KOMMISSION	1502	370	3	"mitglied"	1	"Mitglied"	2019-12-16		2019-12-16T00:00:00
IST_IN_KOMMISSION	1503	361	3	"mitglied"	1	"Mitglied"	2019-12-16		2019-12-16T00:00:00
IST_IN_KOMMISSION	1504	363	3	"mitglied"	1	"Mitglied"	2019-12-16		2019-12-16T00:00:00
IST_IN_KOMMISSION	1505	261	7	"mitglied"	1	"Mitglied"	2019-12-16		2019-12-16T00:00:00
IST_IN_KOMMISSION	1506	65	7	"mitglied"	1	"Mitglied"	2019-12-16		2019-12-16T00:00:00
IST_IN_KOMMISSION	1507	392	7	"mitglied"	1	"Mitglied"	2019-12-16		2019-12-16T00:00:00
IST_IN_KOMMISSION	1508	81	7	"mitglied"	1	"Mitglied"	2019-12-16		2019-12-16T00:00:00
IST_IN_KOMMISSION	1509	395	7	"mitglied"	1	"Mitglied"	2019-12-16		2019-12-16T00:00:00
IST_IN_KOMMISSION	1510	97	7	"praesident"	2	"Präsident/in"	2019-12-16		2019-12-16T00:00:00
IST_IN_KOMMISSION	1511	103	7	"mitglied"	1	"Mitglied"	2019-12-16		2019-12-16T00:00:00
IST_IN_KOMMISSION	1512	394	7	"mitglied"	1	"Mitglied"	2019-12-16		2019-12-16T00:00:00
IST_IN_KOMMISSION	1513	287	7	"mitglied"	1	"Mitglied"	2019-12-16		2019-12-16T00:00:00
IST_IN_KOMMISSION	1514	293	7	"mitglied"	1	"Mitglied"	2019-12-16		2019-12-16T00:00:00
IST_IN_KOMMISSION	1515	409	7	"mitglied"	1	"Mitglied"	2019-12-16		2019-12-16T00:00:00
IST_IN_KOMMISSION	1516	410	7	"mitglied"	1	"Mitglied"	2019-12-16		2019-12-16T00:00:00
IST_IN_KOMMISSION	1517	414	7	"mitglied"	1	"Mitglied"	2019-12-16		2019-12-16T00:00:00
IST_IN_KOMMISSION	1518	415	7	"mitglied"	1	"Mitglied"	2019-12-16		2019-12-16T00:00:00
IST_IN_KOMMISSION	1519	416	7	"mitglied"	1	"Mitglied"	2019-12-16		2019-12-16T00:00:00
IST_IN_KOMMISSION	1520	349	7	"mitglied"	1	"Mitglied"	2019-12-16		2019-12-16T00:00:00
IST_IN_KOMMISSION	1521	307	7	"vizepraesident"	6	"Vizepräsident/in"	2019-12-16		2019-12-16T00:00:00
IST_IN_KOMMISSION	1522	309	7	"mitglied"	1	"Mitglied"	2019-12-16		2019-12-16T00:00:00
IST_IN_KOMMISSION	1523	340	5	"mitglied"	1	"Mitglied"	2019-12-16		2019-12-16T00:00:00
IST_IN_KOMMISSION	1524	369	5	"mitglied"	1	"Mitglied"	2019-12-16		2019-12-16T00:00:00
IST_IN_KOMMISSION	1525	360	5	"mitglied"	1	"Mitglied"	2019-12-16		2019-12-16T00:00:00
IST_IN_KOMMISSION	1526	103	5	"mitglied"	1	"Mitglied"	2019-12-16		2019-12-16T00:00:00
IST_IN_KOMMISSION	1527	337	5	"mitglied"	1	"Mitglied"	2019-12-16		2019-12-16T00:00:00
IST_IN_KOMMISSION	1528	408	5	"mitglied"	1	"Mitglied"	2019-12-16		2019-12-16T00:00:00
IST_IN_KOMMISSION	1529	168	5	"mitglied"	1	"Mitglied"	2019-12-16		2019-12-16T00:00:00
IST_IN_KOMMISSION	1530	378	5	"vizepraesident"	6	"Vizepräsident/in"	2019-12-16		2019-12-16T00:00:00
IST_IN_KOMMISSION	1531	179	5	"mitglied"	1	"Mitglied"	2019-12-16		2019-12-16T00:00:00
IST_IN_KOMMISSION	1532	418	5	"mitglied"	1	"Mitglied"	2019-12-16		2019-12-16T00:00:00
IST_IN_KOMMISSION	1533	349	5	"mitglied"	1	"Mitglied"	2019-12-16		2019-12-16T00:00:00
IST_IN_KOMMISSION	1534	420	5	"mitglied"	1	"Mitglied"	2019-12-16		2019-12-16T00:00:00
IST_IN_KOMMISSION	1535	334	5	"praesident"	2	"Präsident/in"	2019-12-16		2019-12-16T00:00:00
IST_IN_KOMMISSION	1536	198	5	"mitglied"	1	"Mitglied"	2019-12-16		2019-12-16T00:00:00
IST_IN_KOMMISSION	1537	210	5	"mitglied"	1	"Mitglied"	2019-12-16		2019-12-16T00:00:00
IST_IN_KOMMISSION	1538	358	11	"mitglied"	1	"Mitglied"	2019-12-16		2019-12-16T00:00:00
IST_IN_KOMMISSION	1539	323	11	"mitglied"	1	"Mitglied"	2019-12-16		2019-12-16T00:00:00
IST_IN_KOMMISSION	1540	272	11	"mitglied"	1	"Mitglied"	2019-12-16		2019-12-16T00:00:00
IST_IN_KOMMISSION	1541	356	11	"mitglied"	1	"Mitglied"	2019-12-16		2019-12-16T00:00:00
IST_IN_KOMMISSION	1542	106	11	"mitglied"	1	"Mitglied"	2019-12-16		2019-12-16T00:00:00
IST_IN_KOMMISSION	1543	137	11	"praesident"	2	"Präsident/in"	2019-12-16		2019-12-16T00:00:00
IST_IN_KOMMISSION	1544	367	11	"mitglied"	1	"Mitglied"	2019-12-16		2019-12-16T00:00:00
IST_IN_KOMMISSION	1545	149	11	"vizepraesident"	6	"Vizepräsident/in"	2019-12-16		2019-12-16T00:00:00
IST_IN_KOMMISSION	1546	171	11	"mitglied"	1	"Mitglied"	2019-12-16		2019-12-16T00:00:00
IST_IN_KOMMISSION	1547	346	11	"mitglied"	1	"Mitglied"	2019-12-16		2019-12-16T00:00:00
IST_IN_KOMMISSION	1548	211	11	"mitglied"	1	"Mitglied"	2019-12-16		2019-12-16T00:00:00
IST_IN_KOMMISSION	1549	364	13	"mitglied"	1	"Mitglied"	2019-12-16		2019-12-16T00:00:00
IST_IN_KOMMISSION	1550	373	13	"mitglied"	1	"Mitglied"	2019-12-16		2019-12-16T00:00:00
IST_IN_KOMMISSION	1551	388	13	"mitglied"	1	"Mitglied"	2019-12-16		2019-12-16T00:00:00
IST_IN_KOMMISSION	1552	85	13	"mitglied"	1	"Mitglied"	2019-12-16		2019-12-16T00:00:00
IST_IN_KOMMISSION	1553	283	13	"praesident"	2	"Präsident/in"	2019-12-16		2019-12-16T00:00:00
IST_IN_KOMMISSION	1554	348	13	"mitglied"	1	"Mitglied"	2019-12-16		2019-12-16T00:00:00
IST_IN_KOMMISSION	1555	396	13	"mitglied"	1	"Mitglied"	2019-12-16		2019-12-16T00:00:00
IST_IN_KOMMISSION	1556	329	13	"mitglied"	1	"Mitglied"	2019-12-16		2019-12-16T00:00:00
IST_IN_KOMMISSION	1557	405	13	"mitglied"	1	"Mitglied"	2019-12-16		2019-12-16T00:00:00
IST_IN_KOMMISSION	1558	143	13	"mitglied"	1	"Mitglied"	2019-12-16		2019-12-16T00:00:00
IST_IN_KOMMISSION	1559	179	13	"vizepraesident"	6	"Vizepräsident/in"	2019-12-16		2019-12-16T00:00:00
IST_IN_KOMMISSION	1560	353	13	"mitglied"	1	"Mitglied"	2019-12-16		2019-12-16T00:00:00
IST_IN_KOMMISSION	1561	362	15	"mitglied"	1	"Mitglied"	2019-12-16		2019-12-16T00:00:00
IST_IN_KOMMISSION	1562	269	15	"mitglied"	1	"Mitglied"	2019-12-16		2019-12-16T00:00:00
IST_IN_KOMMISSION	1563	424	15	"mitglied"	1	"Mitglied"	2019-12-16		2019-12-16T00:00:00
IST_IN_KOMMISSION	1564	279	15	"mitglied"	1	"Mitglied"	2019-12-16		2019-12-16T00:00:00
IST_IN_KOMMISSION	1565	280	15	"praesident"	2	"Präsident/in"	2019-12-16		2019-12-16T00:00:00
IST_IN_KOMMISSION	1566	347	15	"mitglied"	1	"Mitglied"	2019-12-16		2019-12-16T00:00:00
IST_IN_KOMMISSION	1567	398	15	"mitglied"	1	"Mitglied"	2019-12-16		2019-12-16T00:00:00
IST_IN_KOMMISSION	1568	399	15	"mitglied"	1	"Mitglied"	2019-12-16		2019-12-16T00:00:00
IST_IN_KOMMISSION	1569	137	15	"mitglied"	1	"Mitglied"	2019-12-16		2019-12-16T00:00:00
IST_IN_KOMMISSION	1570	404	15	"mitglied"	1	"Mitglied"	2019-12-16		2019-12-16T00:00:00
IST_IN_KOMMISSION	1571	142	15	"vizepraesident"	6	"Vizepräsident/in"	2019-12-16		2019-12-16T00:00:00
IST_IN_KOMMISSION	1572	21	15	"mitglied"	1	"Mitglied"	2019-12-16		2019-12-16T00:00:00
IST_IN_KOMMISSION	1573	187	15	"mitglied"	1	"Mitglied"	2019-12-16		2019-12-16T00:00:00
IST_IN_KOMMISSION	1574	190	15	"mitglied"	1	"Mitglied"	2019-12-16		2019-12-16T00:00:00
IST_IN_KOMMISSION	1575	306	15	"mitglied"	1	"Mitglied"	2019-12-16		2019-12-16T00:00:00
IST_IN_KOMMISSION	1576	307	15	"mitglied"	1	"Mitglied"	2019-12-16		2019-12-16T00:00:00
IST_IN_KOMMISSION	1577	422	15	"mitglied"	1	"Mitglied"	2019-12-16		2019-12-16T00:00:00
IST_IN_KOMMISSION	1578	4	56	"mitglied"	1	"Mitglied"	2019-12-16		2019-12-16T00:00:00
IST_IN_KOMMISSION	1579	86	56	"mitglied"	1	"Mitglied"	2019-12-16		2019-12-16T00:00:00
IST_IN_KOMMISSION	1580	381	56	"vizepraesident"	6	"Vizepräsident/in"	2019-12-16		2019-12-16T00:00:00
IST_IN_KOMMISSION	1581	317	56	"praesident"	2	"Präsident/in"	2019-12-16		2019-12-16T00:00:00
IST_IN_KOMMISSION	1582	382	56	"mitglied"	1	"Mitglied"	2019-12-16		2019-12-16T00:00:00
IST_IN_KOMMISSION	1583	131	56	"mitglied"	1	"Mitglied"	2019-12-16		2019-12-16T00:00:00
IST_IN_KOMMISSION	1584	319	56	"mitglied"	1	"Mitglied"	2019-12-16		2019-12-16T00:00:00
IST_IN_KOMMISSION	1585	384	56	"mitglied"	1	"Mitglied"	2019-12-16		2019-12-16T00:00:00
IST_IN_KOMMISSION	1586	196	56	"mitglied"	1	"Mitglied"	2019-12-16		2019-12-16T00:00:00
IST_IN_KOMMISSION	1587	345	56	"mitglied"	1	"Mitglied"	2019-12-16		2019-12-16T00:00:00
IST_IN_KOMMISSION	1589	401	57	"mitglied"	1	"Mitglied"	2019-12-16		2019-12-16T00:00:00
IST_IN_KOMMISSION	1591	275	57	"mitglied"	1	"Mitglied"	2019-12-16		2019-12-16T00:00:00
IST_IN_KOMMISSION	1592	102	57	"praesident"	2	"Präsident/in"	2019-12-16		2019-12-16T00:00:00
IST_IN_KOMMISSION	1593	402	57	"mitglied"	1	"Mitglied"	2019-12-16		2019-12-16T00:00:00
IST_IN_KOMMISSION	1594	400	57	"mitglied"	1	"Mitglied"	2019-12-16		2019-12-16T00:00:00
IST_IN_KOMMISSION	1595	423	57	"mitglied"	1	"Mitglied"	2019-12-16		2019-12-16T00:00:00
IST_IN_KOMMISSION	1596	301	57	"mitglied"	1	"Mitglied"	2019-12-16		2019-12-16T00:00:00
IST_IN_KOMMISSION	1597	192	57	"mitglied"	1	"Mitglied"	2019-12-16		2019-12-16T00:00:00
IST_IN_KOMMISSION	1598	352	57	"mitglied"	1	"Mitglied"	2019-12-16		2019-12-16T00:00:00
IST_IN_KOMMISSION	1599	219	55	"vizepraesident"	6	"Vizepräsident/in"	2019-12-16		2019-12-16T00:00:00
IST_IN_KOMMISSION	1600	66	55	"mitglied"	1	"Mitglied"	2019-12-16		2019-12-16T00:00:00
IST_IN_KOMMISSION	1601	275	55	"mitglied"	1	"Mitglied"	2019-12-16		2019-12-16T00:00:00
IST_IN_KOMMISSION	1602	284	55	"mitglied"	1	"Mitglied"	2019-12-16		2019-12-16T00:00:00
IST_IN_KOMMISSION	1603	400	55	"mitglied"	1	"Mitglied"	2019-12-16		2019-12-16T00:00:00
IST_IN_KOMMISSION	1604	318	55	"praesident"	2	"Präsident/in"	2019-12-16		2019-12-16T00:00:00
IST_IN_KOMMISSION	1605	192	55	"mitglied"	1	"Mitglied"	2019-12-16		2019-12-16T00:00:00
IST_IN_KOMMISSION	1606	421	55	"mitglied"	1	"Mitglied"	2019-12-16		2019-12-16T00:00:00
IST_IN_KOMMISSION	1607	345	55	"mitglied"	1	"Mitglied"	2019-12-16		2019-12-16T00:00:00
IST_IN_KOMMISSION	1608	401	51	"mitglied"	1	"Mitglied"	2019-12-16		2019-12-16T00:00:00
IST_IN_KOMMISSION	1609	4	51	"mitglied"	1	"Mitglied"	2019-12-16		2019-12-16T00:00:00
IST_IN_KOMMISSION	1610	381	51	"mitglied"	1	"Mitglied"	2019-12-16		2019-12-16T00:00:00
IST_IN_KOMMISSION	1611	227	51	"praesident"	2	"Präsident/in"	2019-12-16		2019-12-16T00:00:00
IST_IN_KOMMISSION	1612	284	51	"mitglied"	1	"Mitglied"	2019-12-16		2019-12-16T00:00:00
IST_IN_KOMMISSION	1613	102	51	"mitglied"	1	"Mitglied"	2019-12-16		2019-12-16T00:00:00
IST_IN_KOMMISSION	1614	382	51	"mitglied"	1	"Mitglied"	2019-12-16		2019-12-16T00:00:00
IST_IN_KOMMISSION	1615	406	51	"mitglied"	1	"Mitglied"	2019-12-16		2019-12-16T00:00:00
IST_IN_KOMMISSION	1616	400	51	"mitglied"	1	"Mitglied"	2019-12-16		2019-12-16T00:00:00
IST_IN_KOMMISSION	1617	160	51	"mitglied"	1	"Mitglied"	2019-12-16		2019-12-16T00:00:00
IST_IN_KOMMISSION	1618	384	51	"mitglied"	1	"Mitglied"	2019-12-16		2019-12-16T00:00:00
IST_IN_KOMMISSION	1619	345	51	"vizepraesident"	6	"Vizepräsident/in"	2019-12-16		2019-12-16T00:00:00
IST_IN_KOMMISSION	1620	4	47	"mitglied"	1	"Mitglied"	2019-12-16		2019-12-16T00:00:00
IST_IN_KOMMISSION	1621	316	47	"vizepraesident"	6	"Vizepräsident/in"	2019-12-16		2019-12-16T00:00:00
IST_IN_KOMMISSION	1622	381	47	"mitglied"	1	"Mitglied"	2019-12-16		2019-12-16T00:00:00
IST_IN_KOMMISSION	1623	227	47	"mitglied"	1	"Mitglied"	2019-12-16		2019-12-16T00:00:00
IST_IN_KOMMISSION	1624	102	47	"mitglied"	1	"Mitglied"	2019-12-16		2019-12-16T00:00:00
IST_IN_KOMMISSION	1625	318	47	"mitglied"	1	"Mitglied"	2019-12-16		2019-12-16T00:00:00
IST_IN_KOMMISSION	1626	36	47	"praesident"	2	"Präsident/in"	2019-12-16		2019-12-16T00:00:00
IST_IN_KOMMISSION	1627	401	48	"vizepraesident"	6	"Vizepräsident/in"	2019-12-16		2019-12-16T00:00:00
IST_IN_KOMMISSION	1628	76	48	"mitglied"	1	"Mitglied"	2019-12-16		2019-12-16T00:00:00
IST_IN_KOMMISSION	1629	131	48	"mitglied"	1	"Mitglied"	2019-12-16		2019-12-16T00:00:00
IST_IN_KOMMISSION	1630	295	48	"mitglied"	1	"Mitglied"	2019-12-16		2019-12-16T00:00:00
IST_IN_KOMMISSION	1631	423	48	"mitglied"	1	"Mitglied"	2019-12-16		2019-12-16T00:00:00
IST_IN_KOMMISSION	1632	242	48	"praesident"	2	"Präsident/in"	2019-12-16		2019-12-16T00:00:00
IST_IN_KOMMISSION	1633	384	48	"mitglied"	1	"Mitglied"	2019-12-16		2019-12-16T00:00:00
IST_IN_KOMMISSION	1634	196	48	"mitglied"	1	"Mitglied"	2019-12-16		2019-12-16T00:00:00
IST_IN_KOMMISSION	1635	273	50	"mitglied"	1	"Mitglied"	2019-12-16		2019-12-16T00:00:00
IST_IN_KOMMISSION	1636	315	50	"mitglied"	1	"Mitglied"	2019-12-16		2019-12-16T00:00:00
IST_IN_KOMMISSION	1637	284	50	"mitglied"	1	"Mitglied"	2019-12-16		2019-12-16T00:00:00
IST_IN_KOMMISSION	1638	228	50	"mitglied"	1	"Mitglied"	2019-12-16		2019-12-16T00:00:00
IST_IN_KOMMISSION	1639	125	50	"mitglied"	1	"Mitglied"	2019-12-16		2019-12-16T00:00:00
IST_IN_KOMMISSION	1640	402	50	"mitglied"	1	"Mitglied"	2019-12-16		2019-12-16T00:00:00
IST_IN_KOMMISSION	1641	238	50	"praesident"	2	"Präsident/in"	2019-12-16		2019-12-16T00:00:00
IST_IN_KOMMISSION	1642	301	50	"vizepraesident"	6	"Vizepräsident/in"	2019-12-16		2019-12-16T00:00:00
IST_IN_KOMMISSION	1643	421	50	"mitglied"	1	"Mitglied"	2019-12-16		2019-12-16T00:00:00
IST_IN_KOMMISSION	1644	380	50	"mitglied"	1	"Mitglied"	2019-12-16		2019-12-16T00:00:00
IST_IN_KOMMISSION	1645	273	49	"mitglied"	1	"Mitglied"	2019-12-16		2019-12-16T00:00:00
IST_IN_KOMMISSION	1646	223	49	"praesident"	2	"Präsident/in"	2019-12-16		2019-12-16T00:00:00
IST_IN_KOMMISSION	1647	382	49	"mitglied"	1	"Mitglied"	2019-12-16		2019-12-16T00:00:00
IST_IN_KOMMISSION	1648	131	49	"mitglied"	1	"Mitglied"	2019-12-16		2019-12-16T00:00:00
IST_IN_KOMMISSION	1649	406	49	"mitglied"	1	"Mitglied"	2019-12-16		2019-12-16T00:00:00
IST_IN_KOMMISSION	1650	295	49	"mitglied"	1	"Mitglied"	2019-12-16		2019-12-16T00:00:00
IST_IN_KOMMISSION	1651	301	49	"mitglied"	1	"Mitglied"	2019-12-16		2019-12-16T00:00:00
IST_IN_KOMMISSION	1652	321	49	"vizepraesident"	6	"Vizepräsident/in"	2019-12-16		2019-12-16T00:00:00
IST_IN_KOMMISSION	1653	380	49	"mitglied"	1	"Mitglied"	2019-12-16		2019-12-16T00:00:00
IST_IN_KOMMISSION	1654	219	52	"mitglied"	1	"Mitglied"	2019-12-16		2019-12-16T00:00:00
IST_IN_KOMMISSION	1655	317	52	"mitglied"	1	"Mitglied"	2019-12-16		2019-12-16T00:00:00
IST_IN_KOMMISSION	1656	34	52	"vizepraesident"	6	"Vizepräsident/in"	2019-12-16		2019-12-16T00:00:00
IST_IN_KOMMISSION	1657	235	52	"praesident"	2	"Präsident/in"	2019-12-16		2019-12-16T00:00:00
IST_IN_KOMMISSION	1658	36	52	"mitglied"	1	"Mitglied"	2019-12-16		2019-12-16T00:00:00
IST_IN_KOMMISSION	1659	196	52	"mitglied"	1	"Mitglied"	2019-12-16		2019-12-16T00:00:00
IST_IN_KOMMISSION	1660	321	52	"mitglied"	1	"Mitglied"	2019-12-16		2019-12-16T00:00:00
IST_IN_KOMMISSION	1661	266	53	"mitglied"	1	"Mitglied"	2019-12-16		2019-12-16T00:00:00
IST_IN_KOMMISSION	1662	66	53	"praesident"	2	"Präsident/in"	2019-12-16		2019-12-16T00:00:00
IST_IN_KOMMISSION	1663	275	53	"mitglied"	1	"Mitglied"	2019-12-16		2019-12-16T00:00:00
IST_IN_KOMMISSION	1664	230	53	"mitglied"	1	"Mitglied"	2019-12-16		2019-12-16T00:00:00
IST_IN_KOMMISSION	1665	125	53	"mitglied"	1	"Mitglied"	2019-12-16		2019-12-16T00:00:00
IST_IN_KOMMISSION	1666	295	53	"mitglied"	1	"Mitglied"	2019-12-16		2019-12-16T00:00:00
IST_IN_KOMMISSION	1667	318	53	"mitglied"	1	"Mitglied"	2019-12-16		2019-12-16T00:00:00
IST_IN_KOMMISSION	1668	352	53	"mitglied"	1	"Mitglied"	2019-12-16		2019-12-16T00:00:00
IST_IN_KOMMISSION	1669	380	53	"vizepraesident"	6	"Vizepräsident/in"	2019-12-16		2019-12-16T00:00:00
IST_IN_KOMMISSION	1670	266	54	"mitglied"	1	"Mitglied"	2019-12-16		2019-12-16T00:00:00
IST_IN_KOMMISSION	1671	125	54	"vizepraesident"	6	"Vizepräsident/in"	2019-12-16		2019-12-16T00:00:00
IST_IN_KOMMISSION	1672	295	54	"mitglied"	1	"Mitglied"	2019-12-16		2019-12-16T00:00:00
IST_IN_KOMMISSION	1673	319	54	"praesident"	2	"Präsident/in"	2019-12-16		2019-12-16T00:00:00
IST_IN_KOMMISSION	1674	192	54	"mitglied"	1	"Mitglied"	2019-12-16		2019-12-16T00:00:00
IST_IN_KOMMISSION	1675	421	54	"mitglied"	1	"Mitglied"	2019-12-16		2019-12-16T00:00:00
IST_IN_KOMMISSION	1676	352	54	"mitglied"	1	"Mitglied"	2019-12-16		2019-12-16T00:00:00
IST_IN_KOMMISSION	1754	51	60	"mitglied"	12	"Stellvertreter/in"	2019-12-16		2019-12-16T00:00:00
IST_IN_KOMMISSION	1755	392	60	"mitglied"	1	"Mitglied"	2019-12-16		2019-12-16T00:00:00
IST_IN_KOMMISSION	1756	82	60	"mitglied"	1	"Mitglied"	2019-12-16		2019-12-16T00:00:00
IST_IN_KOMMISSION	1757	296	60	"mitglied"	1	"Mitglied"	2019-12-16		2019-12-16T00:00:00
IST_IN_KOMMISSION	1758	298	60	"praesident"	2	"Präsident/in"	2019-12-16		2019-12-16T00:00:00
IST_IN_KOMMISSION	1759	299	60	"mitglied"	1	"Mitglied"	2019-12-16		2019-12-16T00:00:00
IST_IN_KOMMISSION	1760	168	60	"mitglied"	12	"Stellvertreter/in"	2019-12-16		2019-12-16T00:00:00
IST_IN_KOMMISSION	1761	378	60	"mitglied"	12	"Stellvertreter/in"	2019-12-16		2019-12-16T00:00:00
IST_IN_KOMMISSION	1762	180	60	"mitglied"	12	"Stellvertreter/in"	2019-12-16		2019-12-16T00:00:00
IST_IN_KOMMISSION	1763	190	60	"mitglied"	12	"Stellvertreter/in"	2019-12-16		2019-12-16T00:00:00
IST_IN_KOMMISSION	1764	198	60	"vizepraesident"	6	"Vizepräsident/in"	2019-12-16		2019-12-16T00:00:00
IST_IN_KOMMISSION	1765	307	60	"mitglied"	1	"Mitglied"	2019-12-16		2019-12-16T00:00:00
IST_IN_KOMMISSION	1766	361	60	"mitglied"	12	"Stellvertreter/in"	2019-12-16		2019-12-16T00:00:00
IST_IN_KOMMISSION	1767	386	60	"mitglied"	12	"Stellvertreter/in"	2019-12-16		2019-12-16T00:00:00
IST_IN_KOMMISSION	1768	332	27	"mitglied"	1	"Mitglied"	2019-12-20		2019-12-20T00:00:00
IST_IN_KOMMISSION	1769	266	57	"mitglied"	1	"Mitglied"	2019-12-20		2019-12-20T00:00:00
IST_IN_KOMMISSION	1770	273	57	"vizepraesident"	6	"Vizepräsident/in"	2019-12-20		2019-12-20T00:00:00
IST_IN_KOMMISSION	1824	179	39	"mitglied"	11	"Fraktionspräsident/in"	2020-02-28		2020-02-28T00:00:00
IST_IN_KOMMISSION	1869	425	9	"mitglied"	1	"Mitglied"	2020-03-06		2020-03-06T00:00:00
IST_IN_KOMMISSION	1884	387	19	"mitglied"	1	"Mitglied"	2020-05-16		2020-05-16T00:00:00
IST_IN_KOMMISSION	1885	425	27	"mitglied"	1	"Mitglied"	2020-05-16		2020-05-16T00:00:00
IST_IN_KOMMISSION	1886	198	39	"mitglied"	11	"Fraktionspräsident/in"	2020-06-13		2020-06-13T00:00:00
IST_IN_KOMMISSION	1899	79	19	"praesident"	2	"Präsident/in"	2020-08-30		2020-08-30T00:00:00
IST_IN_KOMMISSION	1900	185	19	"mitglied"	1	"Mitglied"	2020-09-09		2020-09-09T00:00:00
IST_IN_KOMMISSION	1904	39	39	"praesident"	2	"Präsident/in"	2020-12-04		2020-12-04T00:00:00
IST_IN_KOMMISSION	1905	65	39	"vizepraesident"	14	"2. Vizepräsident/in"	2020-12-04		2020-12-04T00:00:00
IST_IN_KOMMISSION	1906	329	39	"vizepraesident"	13	"1. Vizepräsident/in"	2020-12-04		2020-12-04T00:00:00
IST_IN_KOMMISSION	1907	401	58	"mitglied"	9	"Stimmenzähler/in"	2020-12-04		2020-12-04T00:00:00
IST_IN_KOMMISSION	1908	228	58	"vizepraesident"	14	"2. Vizepräsident/in"	2020-12-04		2020-12-04T00:00:00
IST_IN_KOMMISSION	1909	230	58	"vizepraesident"	13	"1. Vizepräsident/in"	2020-12-04		2020-12-04T00:00:00
IST_IN_KOMMISSION	1910	34	58	"praesident"	2	"Präsident/in"	2020-12-04		2020-12-04T00:00:00
IST_IN_KOMMISSION	1911	295	58	"mitglied"	10	"Ersatzstimmenzähler/in"	2020-12-04		2020-12-04T00:00:00
