anzeige_name	anzeige_name_de	anzeige_name_fr	anzeige_name_mixed	id	name	name_fr	branche_id	beschreibung	beschreibung_fr	alias_namen	alias_namen_fr	freigabe_datum	name_de	beschreibung_de	alias_namen_de	freigabe_datum_unix
"Pharma"	"Pharma"	"Pharmaceutique"	"Pharma / Pharmaceutique"	1	"Pharma"	"Pharmaceutique"	1	"Medikamentenforschung, Medikamentenvertrieb, Pharmafirmen, Apotheken"	"Recherche pharmaceutique, vente de médicaments, entreprises pharmaceutiques, pharmacies."			2014-09-16T00:00:00	"Pharma"	"Medikamentenforschung, Medikamentenvertrieb, Pharmafirmen, Apotheken"		1410818400
"Krankenkassen"	"Krankenkassen"	"Caisses maladie"	"Krankenkassen / Caisses maladie"	2	"Krankenkassen"	"Caisses maladie"	1	"Krankenkassen, Dachorganisationen KK, Unterorganisationen KK"	"Caisses maladie, organisations faîtières des caisses maladies, sous-organisations des caisses maladie."	"Krankenkassen; Krankenversicherungen; Gesundheitskassen; KK;"		2014-09-16T00:00:00	"Krankenkassen"	"Krankenkassen, Dachorganisationen KK, Unterorganisationen KK"	"Krankenkassen; Krankenversicherungen; Gesundheitskassen; KK;"	1410818400
"Gesundheit"	"Gesundheit"	"Santé"	"Gesundheit / Santé"	3	"Gesundheit"	"Santé"	1	"Gesundheitsförderung, Drogenmissbrauch"	"Prévention de la santé"	"Gesundheitsförderung; Wohlbefinden; Drogenmissbrauch; Prävention;"		2014-09-16T00:00:00	"Gesundheit"	"Gesundheitsförderung, Drogenmissbrauch"	"Gesundheitsförderung; Wohlbefinden; Drogenmissbrauch; Prävention;"	1410818400
"Arztmedizin"	"Arztmedizin"	"Médecine"	"Arztmedizin / Médecine"	4	"Arztmedizin"	"Médecine"	1	"Ärzte, Arzmedizin, Berufsorganisationen Ärzte, medizinische Dienstleistungen, Physiotherapie, Hebammen"	"Médecins, médecine, organisations professionnelles des médecins, services médicaux, physiothérapie, sages-femmes"	"Ärzte; Arzt; Mediziner; Ärzteschaft; FMH; Physiotherapie; Hebammen; Leistungserbringer;"		2014-12-12T08:55:43	"Arztmedizin"	"Ärzte, Arzmedizin, Berufsorganisationen Ärzte, medizinische Dienstleistungen, Physiotherapie, Hebammen"	"Ärzte; Arzt; Mediziner; Ärzteschaft; FMH; Physiotherapie; Hebammen; Leistungserbringer;"	1418370943
"Spitäler"	"Spitäler"	"Hôpitaux"	"Spitäler / Hôpitaux"	5	"Spitäler"	"Hôpitaux"	1	"Spitäler, Spitalorganisationen"	"Hôpitaux, organisations représentatives d'hôpitaux"			2014-09-16T00:00:00	"Spitäler"	"Spitäler, Spitalorganisationen"		1410818400
"Patienten"	"Patienten"	"Patients"	"Patienten / Patients"	6	"Patienten"	"Patients"	1	"Patientenorganisationen, Gesundheitskonsumenten"	"Organisations de défense des patients"			2014-09-16T00:00:00	"Patienten"	"Patientenorganisationen, Gesundheitskonsumenten"		1410818400
"Spitex"	"Spitex"	"Spitex"	"Spitex / Spitex"	7	"Spitex"	"Spitex"	1	"Spitex, Spitexverbände und -Organisationen"	"Organisation liées à Spitex"			2014-09-16T00:00:00	"Spitex"	"Spitex, Spitexverbände und -Organisationen"		1410818400
"Öffentliches Gesundheitswesen"	"Öffentliches Gesundheitswesen"	"Santé publique"	"Öffentliches Gesundheitswesen / Santé publique"	8	"Öffentliches Gesundheitswesen"	"Santé publique"	1	"Gesundheitsdirektoren, Kantone, öffentliche Gesundheitsorganisationen,Gesundheitsfinanzierer"	"Directions de la santé, cantons, organisations publiques de santé, financement de la santé"	"öffentliches Gesundheitswesen; Gesundheitsorganisationen; Gesundheitsdirektoren"		2014-09-16T00:00:00	"Öffentliches Gesundheitswesen"	"Gesundheitsdirektoren, Kantone, öffentliche Gesundheitsorganisationen,Gesundheitsfinanzierer"	"öffentliches Gesundheitswesen; Gesundheitsorganisationen; Gesundheitsdirektoren"	1410818400
"Medizinaltechniken"	"Medizinaltechniken"	"Techniques médicales"	"Medizinaltechniken / Techniques médicales"	9	"Medizinaltechniken"	"Techniques médicales"	1	"Forschung, Handel, technische Hilfsmittel im Bereich Medizinaltechnik"	"Recherche, commerce et solutions dans le domaine de la technique médicale"	"Medizinaltechnik; Medizintechnik; Hüftgelenke; Stents; Medtech; Implantate; Implantathersteller; Prothesen"		2014-09-16T00:00:00	"Medizinaltechniken"	"Forschung, Handel, technische Hilfsmittel im Bereich Medizinaltechnik"	"Medizinaltechnik; Medizintechnik; Hüftgelenke; Stents; Medtech; Implantate; Implantathersteller; Prothesen"	1410818400
"Musik"	"Musik"	"Musique"	"Musik / Musique"	10	"Musik"	"Musique"	8	"Musiker, Produzenten etc, verschiedener Ausrichtung. zB. Rock- und Popmusik, Vereinigungen von Künstlern in diesem Bereich. Auch Klassik; Orchester etc."	"Musiciens, orchestres, producteurs et autre métiers liées à tout genre musical, ainsi que les associations y liées."	"Rock; Pop; Musiker; Musikproduzenten; Jazz; Klassik; Volkstümlich; Orchester; Band; Konzert; Konzertveranstalter; Openair;"		2014-09-16T00:00:00	"Musik"	"Musiker, Produzenten etc, verschiedener Ausrichtung. zB. Rock- und Popmusik, Vereinigungen von Künstlern in diesem Bereich. Auch Klassik; Orchester etc."	"Rock; Pop; Musiker; Musikproduzenten; Jazz; Klassik; Volkstümlich; Orchester; Band; Konzert; Konzertveranstalter; Openair;"	1410818400
"Gemeinwohl/Gesellschaft"	"Gemeinwohl/Gesellschaft"	"Communauté/Société"	"Gemeinwohl/Gesellschaft / Communauté/Société"	12	"Gemeinwohl/Gesellschaft"	"Communauté/Société"	2	"Gemeinnützige Institutionen im sozialen Bereich. Ums Wohl der Gesellschaft in verschiedener Hinsicht (Alter, Jugend,  Behinderung, Gewalt etc.)"		"Jugend; Behinderte; Gewaltprävention; Gemeinwohl; Alter; Behinderung; Handicap; Behindertenorganisation, Kinder, KESB, Soziale Einrichtung"		2014-09-16T00:00:00	"Gemeinwohl/Gesellschaft"	"Gemeinnützige Institutionen im sozialen Bereich. Ums Wohl der Gesellschaft in verschiedener Hinsicht (Alter, Jugend,  Behinderung, Gewalt etc.)"	"Jugend; Behinderte; Gewaltprävention; Gemeinwohl; Alter; Behinderung; Handicap; Behindertenorganisation, Kinder, KESB, Soziale Einrichtung"	1410818400
"Kantone/Regionen"	"Kantone/Regionen"	"Cantons/Régions"	"Kantone/Regionen / Cantons/Régions"	13	"Kantone/Regionen"	"Cantons/Régions"	14	"Vertreter von Kantonen, Repräsentanten wie zB Regierungsräte, Generalsekretäre, Mitglieder der Legislativen, Funktionäre der kantonalen Parteien; Regionen wie zB Regions Basiliensis, Espace Mittelland"		"Kantone, Regierungsrat; Kantonsrat; Grosser Rat; Regionen, Regio; Regierungsrat; Regierungsräte;"		2014-09-16T00:00:00	"Kantone/Regionen"	"Vertreter von Kantonen, Repräsentanten wie zB Regierungsräte, Generalsekretäre, Mitglieder der Legislativen, Funktionäre der kantonalen Parteien; Regionen wie zB Regions Basiliensis, Espace Mittelland"	"Kantone, Regierungsrat; Kantonsrat; Grosser Rat; Regionen, Regio; Regierungsrat; Regierungsräte;"	1410818400
"Städte"	"Städte"	"Villes"	"Städte / Villes"	14	"Städte"	"Villes"	14	"vor allem im Ständeverband organisierte Exponenten. Aber auch Parteifunktionäre auf Stadt-Ebene (nicht Gemeinden unterhalb Stadtgrösse)."				2014-09-16T00:00:00	"Städte"	"vor allem im Ständeverband organisierte Exponenten. Aber auch Parteifunktionäre auf Stadt-Ebene (nicht Gemeinden unterhalb Stadtgrösse)."		1410818400
"Behinderung"	"Behinderung"	"Handicap"	"Behinderung / Handicap"	15	"Behinderung"	"Handicap"	1	"Organisationen, die sich mit Menschen mit Behinderungen beschäftigen."	"Organisations de défense des handicapés"	"Behinderung; Handicap; Behinderte; Behindertenorganisation; Gebrechen;"		2014-12-12T08:55:43	"Behinderung"	"Organisationen, die sich mit Menschen mit Behinderungen beschäftigen."	"Behinderung; Handicap; Behinderte; Behindertenorganisation; Gebrechen;"	1418370943
"Banken"	"Banken"	"Banques"	"Banken / Banques"	16	"Banken"	"Banques"	9	"Banken, Kantonalbanken, Privatbanken, Anlagefonds, kollektive Kapitalgesellschaften"		"Bank; Banken; Kantonalbank; Privatbank; Anlagefonds; Fonds; Hedgefunds; KKG, kollektive Kapitalgesellschagft"		2014-12-12T08:55:43	"Banken"	"Banken, Kantonalbanken, Privatbanken, Anlagefonds, kollektive Kapitalgesellschaften"	"Bank; Banken; Kantonalbank; Privatbank; Anlagefonds; Fonds; Hedgefunds; KKG, kollektive Kapitalgesellschagft"	1418370943
"Rohstoffhandel"	"Rohstoffhandel"	"Commerce de matières premières"	"Rohstoffhandel / Commerce de matières premières"	17	"Rohstoffhandel"	"Commerce de matières premières"	9	"zB Clencore, Gasindustrie, Ölindustrie"				2014-09-16T00:00:00	"Rohstoffhandel"	"zB Clencore, Gasindustrie, Ölindustrie"		1410818400
"Consulting/PR"	"Consulting/PR"	"Conseil en relations publiques"	"Consulting/PR / Conseil en relations publiques"	18	"Consulting/PR"	"Conseil en relations publiques"	9	"PR- und Public Affairs-Firmen, Kommunikationsagenturen, Consultingunternehmen."		"Consulting; PR; Public Relations; Corporate Communications; Public Affairs, Spin doctors; Kommunikationsunternehmen; Kommunikationsagentur; politische Kommunikation; Unternehmenskommunikation; Kommunikation; Lobbyismus; Lobbyfirma; Lobbyfirmen; Lobbyunter"		2014-09-16T00:00:00	"Consulting/PR"	"PR- und Public Affairs-Firmen, Kommunikationsagenturen, Consultingunternehmen."	"Consulting; PR; Public Relations; Corporate Communications; Public Affairs, Spin doctors; Kommunikationsunternehmen; Kommunikationsagentur; politische Kommunikation; Unternehmenskommunikation; Kommunikation; Lobbyismus; Lobbyfirma; Lobbyfirmen; Lobbyunter"	1410818400
"Immobilien/Hauseigentümer"	"Immobilien/Hauseigentümer"	"Immobilier et propriétaires fonciers"	"Immobilien/Hauseigentümer / Immobilier et propriétaires fonciers"	19	"Immobilien/Hauseigentümer"	"Immobilier et propriétaires fonciers"	9	"Immobilienhändler, Hauseigentümer, Makler, Wohnbaugenossenschaften"		"Hausbesitzer; Wohnbaugenossenschaften; Immobilienmakler; Immobilienfirmen; Hauseigentümer; Wohnungeigentümer; Wohnungsbesitzer; Hypothekarschuldner"		2015-01-09T07:22:36	"Immobilien/Hauseigentümer"	"Immobilienhändler, Hauseigentümer, Makler, Wohnbaugenossenschaften"	"Hausbesitzer; Wohnbaugenossenschaften; Immobilienmakler; Immobilienfirmen; Hauseigentümer; Wohnungeigentümer; Wohnungsbesitzer; Hypothekarschuldner"	1420784556
"Parteien"	"Parteien"	"Partis"	"Parteien / Partis"	20	"Parteien"	"Partis"	14	"alle Parteien"				2014-09-16T00:00:00	"Parteien"	"alle Parteien"		1410818400
"Militärgeschichte"	"Militärgeschichte"	"Histoire militaire"	"Militärgeschichte / Histoire militaire"	21	"Militärgeschichte"	"Histoire militaire"	16	"Militärhistoriker/Militär-Reisen, Vereinigungen, die ehemalige Bunker betreiben etc."		"Militärhistorie; Militärgeschichte; Armeegeschichte; Bunker; Militärhistoriker; Armeehistoriker; Militaria"		2015-01-09T07:22:36	"Militärgeschichte"	"Militärhistoriker/Militär-Reisen, Vereinigungen, die ehemalige Bunker betreiben etc."	"Militärhistorie; Militärgeschichte; Armeegeschichte; Bunker; Militärhistoriker; Armeehistoriker; Militaria"	1420784556
"Wirtschaft allgemein"	"Wirtschaft allgemein"	"Economie en général"	"Wirtschaft allgemein / Economie en général"	23	"Wirtschaft allgemein"	"Economie en général"	9	"Gremien, die sich mit wirtschaftlichen Fragen auseinandersetzen, beraten, promoten. Wie zB. Swiss Economic Forum und andere."				2014-09-16T00:00:00	"Wirtschaft allgemein"	"Gremien, die sich mit wirtschaftlichen Fragen auseinandersetzen, beraten, promoten. Wie zB. Swiss Economic Forum und andere."		1410818400
"Migration"	"Migration"	"Immigration"	"Migration / Immigration"	24	"Migration"	"Immigration"	14	"Asylwesen, Ausländerrecht, Flüchtlingswesen"		"Asyl; Asylwesen; Asylpolitik; Ausländer; Ausländerpolitik; Flüchtllinge; Flüchtlingspolitik; Migration; Migrationspolitik;"		2014-09-16T00:00:00	"Migration"	"Asylwesen, Ausländerrecht, Flüchtlingswesen"	"Asyl; Asylwesen; Asylpolitik; Ausländer; Ausländerpolitik; Flüchtllinge; Flüchtlingspolitik; Migration; Migrationspolitik;"	1410818400
"Hilfswerke"	"Hilfswerke"	"Oeuvres d'entraide"	"Hilfswerke / Oeuvres d'entraide"	25	"Hilfswerke"	"Oeuvres d'entraide"	2	"Hilfswerke allgemein wie zB Heks aber auch Stiftungen in ähnlicher RIchtung"		"Hilfswerk; Bedürftige; Sozial; Benachteiligte"		2015-01-09T07:22:36	"Hilfswerke"	"Hilfswerke allgemein wie zB Heks aber auch Stiftungen in ähnlicher RIchtung"	"Hilfswerk; Bedürftige; Sozial; Benachteiligte"	1420784556
"Individualverkehr"	"Individualverkehr"	"Transport individuel"	"Individualverkehr / Transport individuel"	26	"Individualverkehr"	"Transport individuel"	5	"motorisierter Individualverkehr wie zB TCS, ACS, aber auch Mobility"		"MIV; Individualverkehr; Autofahrer, Autobesitzer, PW-Besitzer; Personenwagen; Autovermieter; Autovermietung; Carsharing"		2015-01-09T07:22:36	"Individualverkehr"	"motorisierter Individualverkehr wie zB TCS, ACS, aber auch Mobility"	"MIV; Individualverkehr; Autofahrer, Autobesitzer, PW-Besitzer; Personenwagen; Autovermieter; Autovermietung; Carsharing"	1420784556
"Bildungsförderung"	"Bildungsförderung"	"Promotion de la formation"	"Bildungsförderung / Promotion de la formation"	27	"Bildungsförderung"	"Promotion de la formation"	7	"Insitutionen, die die Bildung fördern, Stipendien vergeben etc."	"Institutions qui promeuvent la formation, dispensent des bourses d'études, etc."	"Bildungsförderung; Stipendium; Stipendien; Nationalfonds; Fördergelder"		2014-09-16T00:00:00	"Bildungsförderung"	"Insitutionen, die die Bildung fördern, Stipendien vergeben etc."	"Bildungsförderung; Stipendium; Stipendien; Nationalfonds; Fördergelder"	1410818400
"Privatschulen"	"Privatschulen"	"Ecoles privées"	"Privatschulen / Ecoles privées"	28	"Privatschulen"	"Ecoles privées"	7	"Privatschulen aller Niveaus"	"Ecoles privées de tout niveau"			2014-09-16T00:00:00	"Privatschulen"	"Privatschulen aller Niveaus"		1410818400
"Energieversorger"	"Energieversorger"	"Fournisseur d'énergie"	"Energieversorger / Fournisseur d'énergie"	29	"Energieversorger"	"Fournisseur d'énergie"	3	"Elektrizitätsversorger, örtliche EWS, Firmen der Energiewirtschaft etc."		"Energieversorger; Elektrizitätswerk; EVU; Energiewirtschaft;"		2014-09-16T00:00:00	"Energieversorger"	"Elektrizitätsversorger, örtliche EWS, Firmen der Energiewirtschaft etc."	"Energieversorger; Elektrizitätswerk; EVU; Energiewirtschaft;"	1410818400
"Atomenergie"	"Atomenergie"	"Energie nucléaire"	"Atomenergie / Energie nucléaire"	30	"Atomenergie"	"Energie nucléaire"	3	"Atomlobby, herkömmliche Energieträger"	"Lobby nucléaire, fournisseurs d'énergie classiques"	"Atomlobby; AKW-Befürworter; Kernkraft-Befürworter; AKW, KKW; Nuklearenergie; Kernkraft; Atomkraft; Atomenergie; Kernenergie"		2014-12-12T08:55:43	"Atomenergie"	"Atomlobby, herkömmliche Energieträger"	"Atomlobby; AKW-Befürworter; Kernkraft-Befürworter; AKW, KKW; Nuklearenergie; Kernkraft; Atomkraft; Atomenergie; Kernenergie"	1418370943
"Energie allgemein"	"Energie allgemein"	"Energie en général"	"Energie allgemein / Energie en général"	31	"Energie allgemein"	"Energie en général"	3	"allgemeine Tätigkeiten im Energiesektor, zb Energie-Agentur der Wirtschaft, Energiestadt Label."	"Activités générales dans le domaine de l'énergie, p. ex. agence énergétique dans l'économie, label Energiestadt"	"Energieagentur; Energiestadt; Energie-Label; Energieeffizienzlabel; Energielabel"		2014-09-16T00:00:00	"Energie allgemein"	"allgemeine Tätigkeiten im Energiesektor, zb Energie-Agentur der Wirtschaft, Energiestadt Label."	"Energieagentur; Energiestadt; Energie-Label; Energieeffizienzlabel; Energielabel"	1410818400
"Alternativenergie"	"Alternativenergie"	"Energies alternatives"	"Alternativenergie / Energies alternatives"	32	"Alternativenergie"	"Energies alternatives"	3	"Alternative Energien, Vereinigungen, zb SES, Dachorganisation für erneuerbare Energien."	"Associations pour les énergies alternatives"	"Erneuerbare; erneuerbare Energie; Naturstrom; Anti-AKW; Atomausstieg; Windkraft; Windenergie; Sonnenenergie; Solarenergie; Photovoltaik; Kleinwasserkraft; Geothermie; Erdwärme; Solarstrom;"		2014-12-12T08:55:43	"Alternativenergie"	"Alternative Energien, Vereinigungen, zb SES, Dachorganisation für erneuerbare Energien."	"Erneuerbare; erneuerbare Energie; Naturstrom; Anti-AKW; Atomausstieg; Windkraft; Windenergie; Sonnenenergie; Solarenergie; Photovoltaik; Kleinwasserkraft; Geothermie; Erdwärme; Solarstrom;"	1418370943
"Öffentlicher Verkehr"	"Öffentlicher Verkehr"	"Transports publics"	"Öffentlicher Verkehr / Transports publics"	33	"Öffentlicher Verkehr"	"Transports publics"	5	"lokale ÖV-Unternehmen, Verbände des öffentlichen Verkehrs, Litra, VÖV, VCS etc"		"ÖV; öffentlicher Verkehr; Bahn; Bus; Tram; Schiff; Seilbahn;"		2014-09-16T00:00:00	"Öffentlicher Verkehr"	"lokale ÖV-Unternehmen, Verbände des öffentlichen Verkehrs, Litra, VÖV, VCS etc"	"ÖV; öffentlicher Verkehr; Bahn; Bus; Tram; Schiff; Seilbahn;"	1410818400
"Kunsthandwerk"	"Kunsthandwerk"	"Artisanat culturel"	"Kunsthandwerk / Artisanat culturel"	34	"Kunsthandwerk"	"Artisanat culturel"	8	"Kunsthandwerk-Förderung, Buchbinder"	"Promotion de l'artisanat culturel, relieurs"	"Kunsthandwerk; Buchbinder; Kunsthandwerker;"		2014-09-16T00:00:00	"Kunsthandwerk"	"Kunsthandwerk-Förderung, Buchbinder"	"Kunsthandwerk; Buchbinder; Kunsthandwerker;"	1410818400
"Staatspolitik allgemein"	"Staatspolitik allgemein"	"Politique en général"	"Staatspolitik allgemein / Politique en général"	35	"Staatspolitik allgemein"	"Politique en général"	14	"Institutionen mit staatspolitischen Anliegen, auch Bürgergemeinden, Korporationen etc. sowie Organisationen, die der Unterstützung von Parteien dienen, Fundraisingorganisationen von Parteien etc."				2014-09-16T00:00:00	"Staatspolitik allgemein"	"Institutionen mit staatspolitischen Anliegen, auch Bürgergemeinden, Korporationen etc. sowie Organisationen, die der Unterstützung von Parteien dienen, Fundraisingorganisationen von Parteien etc."		1410818400
"Logistik/Transport"	"Logistik/Transport"	"Logistique/Transport"	"Logistik/Transport / Logistique/Transport"	36	"Logistik/Transport"	"Logistique/Transport"	5	"Logistik, Transport, Spedition, inkl Verbände wie Asta, aber auch zB Spedlogswiss, Camionneure sowie Unternehmen aus dem Bereich Nutzfahrzeuge. Auch Frachtschiffahrt auf dem Rhein"		"Logistik; Transport; Spedition; Camionneure; Schwerverkehr; Lastwagen; Logistiker; Logistikunternehmen, Rheinhäfen"		2014-09-16T00:00:00	"Logistik/Transport"	"Logistik, Transport, Spedition, inkl Verbände wie Asta, aber auch zB Spedlogswiss, Camionneure sowie Unternehmen aus dem Bereich Nutzfahrzeuge. Auch Frachtschiffahrt auf dem Rhein"	"Logistik; Transport; Spedition; Camionneure; Schwerverkehr; Lastwagen; Logistiker; Logistikunternehmen, Rheinhäfen"	1410818400
"Nahrungsmittel"	"Nahrungsmittel"	"Alimentation"	"Nahrungsmittel / Alimentation"	38	"Nahrungsmittel"	"Alimentation"	9	"Nahrungsmittelproduzenten, Schokolade, Früchte, Kaffee, Getränkeindustrie etc. inkl Milchwirtschaft (doppelte Branchen/Interessengruppe-Zuteiung)"		"Nahrungsmittel; Nahrungsmittelproduzenten; Nahrungsmittelindustrie; Getränkeindustrie; Ernährung; Rohstoffe;"		2014-09-16T00:00:00	"Nahrungsmittel"	"Nahrungsmittelproduzenten, Schokolade, Früchte, Kaffee, Getränkeindustrie etc. inkl Milchwirtschaft (doppelte Branchen/Interessengruppe-Zuteiung)"	"Nahrungsmittel; Nahrungsmittelproduzenten; Nahrungsmittelindustrie; Getränkeindustrie; Ernährung; Rohstoffe;"	1410818400
"Milchwirtschaft"	"Milchwirtschaft"	"Industrie laitière"	"Milchwirtschaft / Industrie laitière"	39	"Milchwirtschaft"	"Industrie laitière"	15	"Milchverarbeiter, Käsereien, Molkereien"		"Michproduzenten; Milchverarbeiter; Molkereien; Milchprodukte;"		2014-09-16T00:00:00	"Milchwirtschaft"	"Milchverarbeiter, Käsereien, Molkereien"	"Michproduzenten; Milchverarbeiter; Molkereien; Milchprodukte;"	1410818400
"Handelsbeziehungen international"	"Handelsbeziehungen international"	"Relations commerciales internationales"	"Handelsbeziehungen international / Relations commerciales internationales"	40	"Handelsbeziehungen international"	"Relations commerciales internationales"	13	"Verbände der Exportwirtschaft, Freundschaftsvereinigungen, Delegationen zB Schweiz-Südafrika, Schweiz-Kasachstan, Schweiz-Taiwan. Idee, Handelsbeziehungen etablieren."	"Groupes d'intérêt de l'industrie d'exportation, amicales internationales, délégations p. ex. Suisse-Taiwan, Suisse-Kazakhstan, avec vue d'entretenir des relations commerciales"	"Exportwirtschaft; Handelsbeziehungen;"		2014-11-17T14:11:38	"Handelsbeziehungen international"	"Verbände der Exportwirtschaft, Freundschaftsvereinigungen, Delegationen zB Schweiz-Südafrika, Schweiz-Kasachstan, Schweiz-Taiwan. Idee, Handelsbeziehungen etablieren."	"Exportwirtschaft; Handelsbeziehungen;"	1416229898
"Bildung/Wissenschaft"	"Bildung/Wissenschaft"	"Formation/Science"	"Bildung/Wissenschaft / Formation/Science"	41	"Bildung/Wissenschaft"	"Formation/Science"	7	"Schulen, Fachhochschulen, Unis, Universitäre Einrichtungen (div. Institute), Berufsschulen"	"(Hautes) écoles, universités, instituts académiques, écoles de commerce"	"Schulen; Schule; Fachhochschulen; Fachhochschule; Uni; Universität; Universitäten; Universitäre Einrichtungen; Institut; Berufsschule; Berufsschulen; Höhere Fachschule;"		2014-09-16T00:00:00	"Bildung/Wissenschaft"	"Schulen, Fachhochschulen, Unis, Universitäre Einrichtungen (div. Institute), Berufsschulen"	"Schulen; Schule; Fachhochschulen; Fachhochschule; Uni; Universität; Universitäten; Universitäre Einrichtungen; Institut; Berufsschule; Berufsschulen; Höhere Fachschule;"	1410818400
"Pensionskassen"	"Pensionskassen"	"Fonds de pension et de retraite"	"Pensionskassen / Fonds de pension et de retraite"	42	"Pensionskassen"	"Fonds de pension et de retraite"	9	"Einrichtungen der beruflichen Vorsorge nach BVG."				2014-09-16T00:00:00	"Pensionskassen"	"Einrichtungen der beruflichen Vorsorge nach BVG."		1410818400
"Langsamverkehr"	"Langsamverkehr"	"Mobilité douce"	"Langsamverkehr / Mobilité douce"	43	"Langsamverkehr"	"Mobilité douce"	5	"Velo"		"Velofahrer; Radfahrer; Langsamverkehr; Fussgänger;"		2014-09-16T00:00:00	"Langsamverkehr"	"Velo"	"Velofahrer; Radfahrer; Langsamverkehr; Fussgänger;"	1410818400
"Kulturinstitutionen"	"Kulturinstitutionen"	"Institutions culturelles"	"Kulturinstitutionen / Institutions culturelles"	44	"Kulturinstitutionen"	"Institutions culturelles"	8	"Kulturinstitiutionen aller Art wie Stadttheater, Museen, Vereine, Veranstalter, Denkmalpflege. Aber auch Museen mit Sammlungen kulturhistorischer Art und gesellschaftlichen Themen (Ballenberg, Verkehrshaus etc.)"	"Institutions culturelles de toutes sortes comme théatres, musées, associations, organisateurs, monuments historiques. Egalement musées aved de collections ayant une pertinence culturelle, historique et sociétale (p. ex. musée des transports)"	"Museum; Museen; Theater; Stadttheater; Kulturveranstalter; Kleintheater; Kabarett; Denkmalpflege; Denkmalschutz; Freilichtmuesum; Freilichtmuseen; Kunstmuseum; Kunstmuseen;"		2014-09-16T00:00:00	"Kulturinstitutionen"	"Kulturinstitiutionen aller Art wie Stadttheater, Museen, Vereine, Veranstalter, Denkmalpflege. Aber auch Museen mit Sammlungen kulturhistorischer Art und gesellschaftlichen Themen (Ballenberg, Verkehrshaus etc.)"	"Museum; Museen; Theater; Stadttheater; Kulturveranstalter; Kleintheater; Kabarett; Denkmalpflege; Denkmalschutz; Freilichtmuesum; Freilichtmuseen; Kunstmuseum; Kunstmuseen;"	1410818400
"Think Tanks"	"Think Tanks"	"Think Tanks"	"Think Tanks / Think Tanks"	45	"Think Tanks"	"Think Tanks"	9	"Denkfabriken wie zB Avenir Suisse, Denknetz Schweiz etc."				2014-09-16T00:00:00	"Think Tanks"	"Denkfabriken wie zB Avenir Suisse, Denknetz Schweiz etc."		1410818400
"Oel-/Gasindustrie"	"Oel-/Gasindustrie"	"Industrie du gaz et du pétrole"	"Oel-/Gasindustrie / Industrie du gaz et du pétrole"	46	"Oel-/Gasindustrie"	"Industrie du gaz et du pétrole"	3	"Erdölkonzerne, Tankstellen, Gasunternehmen (Socar, Gazprom)"	"Groupes pétroliers, stations service, entreprises de gaz (Socar, Gazprom)"	"Erdölindustrie; Gasindustrie; Erdöl; Erdgas; Rohstoffe; Rohstoffhandel; Öl; Gas; Pipeline; Rohstoffhandelsfirmen; Fracking"		2014-09-16T00:00:00	"Oel-/Gasindustrie"	"Erdölkonzerne, Tankstellen, Gasunternehmen (Socar, Gazprom)"	"Erdölindustrie; Gasindustrie; Erdöl; Erdgas; Rohstoffe; Rohstoffhandel; Öl; Gas; Pipeline; Rohstoffhandelsfirmen; Fracking"	1410818400
"Dienstleister Kommunikation"	"Dienstleister Kommunikation"	"Fournisseur de services de communication"	"Dienstleister Kommunikation / Fournisseur de services de communication"	47	"Dienstleister Kommunikation"	"Fournisseur de services de communication"	18	"Kommunikationsdienstleister wie Swisscom, Cablecom, ICT-Firmen"	"Fournisseur de services de communication comme Swisscom, Cablecom"	"Kommunikationsdienstleister; Provider; ICT; ICT-Unternehmen; Informationstechnologie; Information technology; Kommunikationstechnik; Kommunikationstechnologie; Information and communication technology;"		2016-10-18T17:27:17	"Dienstleister Kommunikation"	"Kommunikationsdienstleister wie Swisscom, Cablecom, ICT-Firmen"	"Kommunikationsdienstleister; Provider; ICT; ICT-Unternehmen; Informationstechnologie; Information technology; Kommunikationstechnik; Kommunikationstechnologie; Information and communication technology;"	1476804437
"Printmedien"	"Printmedien"	"Médias imprimés"	"Printmedien / Médias imprimés"	48	"Printmedien"	"Médias imprimés"	18	"Zeitungen, Zeitschriften mit Hauptgeschäft im Printmedienbereich sowie Druckereien."	"Journaux, magazines dont l'activité principale est imprimée, imprimerie"			2014-09-16T00:00:00	"Printmedien"	"Zeitungen, Zeitschriften mit Hauptgeschäft im Printmedienbereich sowie Druckereien."		1410818400
"Elektronische Medien"	"Elektronische Medien"	"Médias électroniques"	"Elektronische Medien / Médias électroniques"	49	"Elektronische Medien"	"Médias électroniques"	18	"Medien, mit Haupttätigkeit im elektronischen Bereich"	"Médias dont l'activité principale est dans l'électronique"	"Radio; Radiostationen; Lokalradios; TV; Fernsehen; TV-Stationen; Lokal-TV; Regionalfernsehen; Regional-TV; Internet; Internet-Plattform; News-Plattform; neue Medien"		2014-09-16T00:00:00	"Elektronische Medien"	"Medien, mit Haupttätigkeit im elektronischen Bereich"	"Radio; Radiostationen; Lokalradios; TV; Fernsehen; TV-Stationen; Lokal-TV; Regionalfernsehen; Regional-TV; Internet; Internet-Plattform; News-Plattform; neue Medien"	1410818400
"Cleantech"	"Cleantech"	"Technologies propres"	"Cleantech / Technologies propres"	50	"Cleantech"	"Technologies propres"	9	"Unternehmen der Cleantechbranche"		"Cleantech; grüne Technologie; Umweltechnologie"		2014-09-16T00:00:00	"Cleantech"	"Unternehmen der Cleantechbranche"	"Cleantech; grüne Technologie; Umweltechnologie"	1410818400
"Bauhauptgewerbe"	"Bauhauptgewerbe"	"Construction – Gros œuvre"	"Bauhauptgewerbe / Construction – Gros œuvre"	51	"Bauhauptgewerbe"	"Construction – Gros œuvre"	9	"Für eine detailliertere Abgrenzung der beiden Bereiche, insbesondere für die Frage, was zum Bauhauptgewerbe gehört, kann der gesamtschweizerisch geltende Landesmantelvertrag für das Schweizerische Bauhauptgewerbe (LMV 2008, 2008 – 2010) herangezogen werden. Dieser definiert folgende Bereiche als Bauhauptgewerbe (Art. 2 Abs. 1 LMV 2008):\na)    Hochbau, Tiefbau (einschliesslich Spezialtiefbau), Untertagbau und Strassenbau (einschliesslich Belagseinbau);\n\nb)    Aushub, Abbruch, Deponie- und Recyclingbetriebe;\n\nc)    Steinhauer- und Steinbruchgewerbe sowie Pflästereibetriebe;\n\nd)    Marmor- und Granitgewerbe;\n\ne)    Gerüst-, Fassadenbau- und Fassaden-Isolationsbetriebe, ausgenommen Betriebe, die in der Gebäudehülle (umfasst geneigte Dächer, Unterdächer, Flachdächer und Fassadenbekleidungen, mit dazugehörendem Unterbau und Wärmedämmung) tätig sind;\n\nf)     Abdichtungs- und Isolationsbetriebe für Arbeiten an der Gebäudehülle im weiteren Sinn und analoge Arbeiten im Tief- und Untertagbau;\n\ng)    Betoninjektions- und Betonsanierungsbetriebe, Betonbohr- und Betonschneide-unternehmen;\n\nh)    Betriebe, die Asphaltierungen ausführen und Unterlagsböden erstellen (wie Schaler, Eisenleger, Maurer)\n\ni)     Gartenbaufirmen, soweit sie mehrheitlich Arbeiten wie Bauarbeiten, Planierungen, Maurerarbeiten usw., ausführen;\n\nj)     Betriebe bzw. Betriebsteile der Sand- und Kiesgewinnung;\n\nk)    Transport von und zu Baustellen;\n\nl)     Herstellung und Transport von lagerfähigen Baustoffen."		"Hochbau; Tiefbau; Strassenbau; Aushub; Abbruch; Deponie; Steinhauer; Steinbruch; Gerüstbau; Fassadenbau; Gebäudehülle; Abdichtung; Isolation; Beton; Asphalt; Gartenbau; Sand; Maurer*; Baumeister;"		2014-12-12T08:56:49	"Bauhauptgewerbe"	"Für eine detailliertere Abgrenzung der beiden Bereiche, insbesondere für die Frage, was zum Bauhauptgewerbe gehört, kann der gesamtschweizerisch geltende Landesmantelvertrag für das Schweizerische Bauhauptgewerbe (LMV 2008, 2008 – 2010) herangezogen werden. Dieser definiert folgende Bereiche als Bauhauptgewerbe (Art. 2 Abs. 1 LMV 2008):\na)    Hochbau, Tiefbau (einschliesslich Spezialtiefbau), Untertagbau und Strassenbau (einschliesslich Belagseinbau);\n\nb)    Aushub, Abbruch, Deponie- und Recyclingbetriebe;\n\nc)    Steinhauer- und Steinbruchgewerbe sowie Pflästereibetriebe;\n\nd)    Marmor- und Granitgewerbe;\n\ne)    Gerüst-, Fassadenbau- und Fassaden-Isolationsbetriebe, ausgenommen Betriebe, die in der Gebäudehülle (umfasst geneigte Dächer, Unterdächer, Flachdächer und Fassadenbekleidungen, mit dazugehörendem Unterbau und Wärmedämmung) tätig sind;\n\nf)     Abdichtungs- und Isolationsbetriebe für Arbeiten an der Gebäudehülle im weiteren Sinn und analoge Arbeiten im Tief- und Untertagbau;\n\ng)    Betoninjektions- und Betonsanierungsbetriebe, Betonbohr- und Betonschneide-unternehmen;\n\nh)    Betriebe, die Asphaltierungen ausführen und Unterlagsböden erstellen (wie Schaler, Eisenleger, Maurer)\n\ni)     Gartenbaufirmen, soweit sie mehrheitlich Arbeiten wie Bauarbeiten, Planierungen, Maurerarbeiten usw., ausführen;\n\nj)     Betriebe bzw. Betriebsteile der Sand- und Kiesgewinnung;\n\nk)    Transport von und zu Baustellen;\n\nl)     Herstellung und Transport von lagerfähigen Baustoffen."	"Hochbau; Tiefbau; Strassenbau; Aushub; Abbruch; Deponie; Steinhauer; Steinbruch; Gerüstbau; Fassadenbau; Gebäudehülle; Abdichtung; Isolation; Beton; Asphalt; Gartenbau; Sand; Maurer*; Baumeister;"	1418371009
"Baunebengewerbe"	"Baunebengewerbe"	"Construction – Secondaire"	"Baunebengewerbe / Construction – Secondaire"	52	"Baunebengewerbe"	"Construction – Secondaire"	9	"Zum Baunebengewerbe gehören grundsätzlich sämtliche übrigen Bauarbeiten wie bspw. Maler-, Gipser-, Dachdecker-, Plattenleger-, Gärtner-, Spenglerei-, Heizungs-, Klima-, Lüftungs-, Schreiner-, Zimmerei-, Metallbau- sowie Sanitär- und Elektroinstallationsarbeiten. Diese Abgrenzung entbindet den Auftraggeber allerdings nicht davon, im Einzelfall zu prüfen, ob die konkreten Bauarbeiten ein tragendes Element betreffen; dies deshalb weil bestimmte Arbeitsgattungen (bspw. Zimmerei- oder Metallbauarbeiten) je nach Bauvorhaben ein tragendes oder nicht tragendes Element betreffen können."		"Übrige Bauarbeiten; Maler; Gipser; Dachdecker; Plattenleger; Gärtner; Spengler; Heizung; Lüftung; Haustechnik; Schreiner; Zimmerei; Metallbau; Sanitär; Elektro;"		2014-12-12T08:55:43	"Baunebengewerbe"	"Zum Baunebengewerbe gehören grundsätzlich sämtliche übrigen Bauarbeiten wie bspw. Maler-, Gipser-, Dachdecker-, Plattenleger-, Gärtner-, Spenglerei-, Heizungs-, Klima-, Lüftungs-, Schreiner-, Zimmerei-, Metallbau- sowie Sanitär- und Elektroinstallationsarbeiten. Diese Abgrenzung entbindet den Auftraggeber allerdings nicht davon, im Einzelfall zu prüfen, ob die konkreten Bauarbeiten ein tragendes Element betreffen; dies deshalb weil bestimmte Arbeitsgattungen (bspw. Zimmerei- oder Metallbauarbeiten) je nach Bauvorhaben ein tragendes oder nicht tragendes Element betreffen können."	"Übrige Bauarbeiten; Maler; Gipser; Dachdecker; Plattenleger; Gärtner; Spengler; Heizung; Lüftung; Haustechnik; Schreiner; Zimmerei; Metallbau; Sanitär; Elektro;"	1418370943
"Arbeitnehmerorganisationen"	"Arbeitnehmerorganisationen"	"Organisations de travailleurs"	"Arbeitnehmerorganisationen / Organisations de travailleurs"	53	"Arbeitnehmerorganisationen"	"Organisations de travailleurs"	9	"Gewerkschaften, Angestellte Kaderorganisation,"		"Gewerkschaften; Arbeitnehmer; Arbeitnehmerorganisationen; Angestellte; Angestelltenverbände; Arbeitnehmervertretung; Gewerkschafter"		2014-12-12T08:55:43	"Arbeitnehmerorganisationen"	"Gewerkschaften, Angestellte Kaderorganisation,"	"Gewerkschaften; Arbeitnehmer; Arbeitnehmerorganisationen; Angestellte; Angestelltenverbände; Arbeitnehmervertretung; Gewerkschafter"	1418370943
"Umwelt & Natur"	"Umwelt & Natur"	"Environnement et nature"	"Umwelt & Natur / Environnement et nature"	54	"Umwelt & Natur"	"Environnement et nature"	4	"Organisationen wie Greenpeace, Pro Natura, Vogelwarte, Landschaftsschutz"				2014-09-16T00:00:00	"Umwelt & Natur"	"Organisationen wie Greenpeace, Pro Natura, Vogelwarte, Landschaftsschutz"		1410818400
"Tierschutz"	"Tierschutz"	"Protection des animaux"	"Tierschutz / Protection des animaux"	55	"Tierschutz"	"Protection des animaux"	4	"Tierschutzorganisationen"				2014-09-16T00:00:00	"Tierschutz"	"Tierschutzorganisationen"		1410818400
"Sozialversicherungen"	"Sozialversicherungen"	"Assurances sociales"	"Sozialversicherungen / Assurances sociales"	56	"Sozialversicherungen"	"Assurances sociales"	2	"Sozialversicherungen, Sozialwerke, AHV, IV, Ausgleichskassen, etc."				2014-09-16T00:00:00	"Sozialversicherungen"	"Sozialversicherungen, Sozialwerke, AHV, IV, Ausgleichskassen, etc."		1410818400
"Versicherungen"	"Versicherungen"	"Assurances"	"Versicherungen / Assurances"	57	"Versicherungen"	"Assurances"	9	"alle Versicherungen, auch Suva, exklusive Krankenversicherer (KVG)"				2014-09-16T00:00:00	"Versicherungen"	"alle Versicherungen, auch Suva, exklusive Krankenversicherer (KVG)"		1410818400
"Advokaturen/Treuhand"	"Advokaturen/Treuhand"	"Cabinets/Fiduciaires"	"Advokaturen/Treuhand / Cabinets/Fiduciaires"	58	"Advokaturen/Treuhand"	"Cabinets/Fiduciaires"	9	"Treuhänder, Anwälte, Notare, Wirtschaftsprüfer und ihre Standesorganisationen"		"Anwälte; Treuhänder; Wirtschaftsprüfer; Anwaltskanzlei; Advokat; Juristen;"		2014-12-12T08:55:43	"Advokaturen/Treuhand"	"Treuhänder, Anwälte, Notare, Wirtschaftsprüfer und ihre Standesorganisationen"	"Anwälte; Treuhänder; Wirtschaftsprüfer; Anwaltskanzlei; Advokat; Juristen;"	1418370943
"KMU/Gewerbe/Arbeitgeber"	"KMU/Gewerbe/Arbeitgeber"	"PME/Entreprises/Employeurs"	"KMU/Gewerbe/Arbeitgeber / PME/Entreprises/Employeurs"	59	"KMU/Gewerbe/Arbeitgeber"	"PME/Entreprises/Employeurs"	9	"Organisationen, Interessenverbände; KMU-Verband, Gewerbeverband etc. Berufsorganisationen, Selbstständige, Arbeitgeberorganisationen"		"KMU; Familienunternehmen; Kleine und mittlere Unternehmen; Arbeitgeber; Gewerbe; Standesorganisationen; Berufsorganisationen; Gewerbebetriebe;"		2014-09-16T00:00:00	"KMU/Gewerbe/Arbeitgeber"	"Organisationen, Interessenverbände; KMU-Verband, Gewerbeverband etc. Berufsorganisationen, Selbstständige, Arbeitgeberorganisationen"	"KMU; Familienunternehmen; Kleine und mittlere Unternehmen; Arbeitgeber; Gewerbe; Standesorganisationen; Berufsorganisationen; Gewerbebetriebe;"	1410818400
"Tourismus/Gastronomie"	"Tourismus/Gastronomie"	"Tourisme/Gastronomie"	"Tourismus/Gastronomie / Tourisme/Gastronomie"	60	"Tourismus/Gastronomie"	"Tourisme/Gastronomie"	9	"Gastro, Hotellerie, Tourismus"				2014-09-16T00:00:00	"Tourismus/Gastronomie"	"Gastro, Hotellerie, Tourismus"		1410818400
"Industrie"	"Industrie"	"Industrie"	"Industrie / Industrie"	61	"Industrie"	"Industrie"	9	"Industrieunternehmen"		"Industrie; Grossindustrie; Industriesektor; Grossfirmen; Grossunternehmen"		2015-01-09T07:22:36	"Industrie"	"Industrieunternehmen"	"Industrie; Grossindustrie; Industriesektor; Grossfirmen; Grossunternehmen"	1420784556
"Medien allgemein"	"Medien allgemein"	"Médias en général"	"Medien allgemein / Médias en général"	62	"Medien allgemein"	"Médias en général"	18	"Verbände und Institutionen aus dem Bereich Medien."		"Medien; Medienbranche; Medium; Medienunternehmen"		2014-09-16T00:00:00	"Medien allgemein"	"Verbände und Institutionen aus dem Bereich Medien."	"Medien; Medienbranche; Medium; Medienunternehmen"	1410818400
"Kulturförderung"	"Kulturförderung"	"Promotion de la culture"	"Kulturförderung / Promotion de la culture"	63	"Kulturförderung"	"Promotion de la culture"	8	"allgemeine Kulturförderung, auch kulturhistorisch"	"Promotion générale de la culture, y compris historique"	"Kulturförderung; Kunstförderung; Kunststipendium; Mäzene; Kunststiftungen"		2014-09-16T00:00:00	"Kulturförderung"	"allgemeine Kulturförderung, auch kulturhistorisch"	"Kulturförderung; Kunstförderung; Kunststipendium; Mäzene; Kunststiftungen"	1410818400
"Reinigungsgewerbe"	"Reinigungsgewerbe"	"Entreprises de nettoyage"	"Reinigungsgewerbe / Entreprises de nettoyage"	64	"Reinigungsgewerbe"	"Entreprises de nettoyage"	9	"Reinigungsbranche, Hauswarte, Facility Management"				2014-09-16T00:00:00	"Reinigungsgewerbe"	"Reinigungsbranche, Hauswarte, Facility Management"		1410818400
"Spitzensport"	"Spitzensport"	"Sport d'élite"	"Spitzensport / Sport d'élite"	65	"Spitzensport"	"Sport d'élite"	17	"professionelle Sportarten"				2014-09-16T00:00:00	"Spitzensport"	"professionelle Sportarten"		1410818400
"Breitensport"	"Breitensport"	"Sport populaire"	"Breitensport / Sport populaire"	66	"Breitensport"	"Sport populaire"	17	"Amateurszene, Volksläufe, Laiensport"		"Breitensport; Amateursport; Volksläufe; Volkslauf; Fitness;"		2014-09-16T00:00:00	"Breitensport"	"Amateurszene, Volksläufe, Laiensport"	"Breitensport; Amateursport; Volksläufe; Volkslauf; Fitness;"	1410818400
"Gleichstellung"	"Gleichstellung"	"Egalité"	"Gleichstellung / Egalité"	67	"Gleichstellung"	"Egalité"	2	"Frauenorganisationen, Männerverbände, kantonale und instituionelle Fachstellen für Gleichstellung, div Frauenorganisationen"		"Gleichstellung; gleiche Rechte; Emanzipation; Frauenorganisationen; Männerorganisation;"		2014-09-16T00:00:00	"Gleichstellung"	"Frauenorganisationen, Männerverbände, kantonale und instituionelle Fachstellen für Gleichstellung, div Frauenorganisationen"	"Gleichstellung; gleiche Rechte; Emanzipation; Frauenorganisationen; Männerorganisation;"	1410818400
"Hilfswerke international"	"Hilfswerke international"	"Oeuvres d'entraide internationales"	"Hilfswerke international / Oeuvres d'entraide internationales"	68	"Hilfswerke international"	"Oeuvres d'entraide internationales"	13	"Hilfswerke mit Engagement in der Dritten Welt/Schwellenländern, Zusammenarbeit mit DEZA etc."	"Oeuvres d'entraide avec engagement dans le Tiers Monde et les pays en voie de développement, collaboration avec la DDC, etc."	"3. Welt; Entwicklungshilfe; Entwicklungszusammenarbeit; 3. Welt; Drittewelt; Nothilfe; Katatstrophenhilfe; Glückskette"		2015-01-09T07:22:36	"Hilfswerke international"	"Hilfswerke mit Engagement in der Dritten Welt/Schwellenländern, Zusammenarbeit mit DEZA etc."	"3. Welt; Entwicklungshilfe; Entwicklungszusammenarbeit; 3. Welt; Drittewelt; Nothilfe; Katatstrophenhilfe; Glückskette"	1420784556
"Kosmetika/pharmazeutische Produkte"	"Kosmetika/pharmazeutische Produkte"	"Produits pharmaceutiques et cosmétiques"	"Kosmetika/pharmazeutische Produkte / Produits pharmaceutiques et cosmétiques"	69	"Kosmetika/pharmazeutische Produkte"	"Produits pharmaceutiques et cosmétiques"	1	"Kosmetikaindustrie, Drogerien, heilmittelähnliche Substanzen, Produkte mit Zusatzstoffen etc."	"Industrie cosmétique, drogueries, substances soignantes, compléments alimentairesm etc."	"Drogerie; Kosmetikindustrie; Parfüm; Zusatzstoffe; heilmittelähnliche Substanzen; Makeup; Parfümerie;"		2014-09-16T00:00:00	"Kosmetika/pharmazeutische Produkte"	"Kosmetikaindustrie, Drogerien, heilmittelähnliche Substanzen, Produkte mit Zusatzstoffen etc."	"Drogerie; Kosmetikindustrie; Parfüm; Zusatzstoffe; heilmittelähnliche Substanzen; Makeup; Parfümerie;"	1410818400
"Aussenpolitik allgemein"	"Aussenpolitik allgemein"	"Politique étrangère en général"	"Aussenpolitik allgemein / Politique étrangère en général"	70	"Aussenpolitik allgemein"	"Politique étrangère en général"	13	"Beziehungspflege, Imagepflege, Schweiz-PR, wirtschaftlich motiviert"	"Entretien de relations, travail d'image, relations publiques pour la Suisse, motivation économique"	"Aussenpolitik; Beziehungspflege; Imagepflege; Wirtschaftsbeziehungen; Kontaktpflege;"		2014-12-12T08:55:43	"Aussenpolitik allgemein"	"Beziehungspflege, Imagepflege, Schweiz-PR, wirtschaftlich motiviert"	"Aussenpolitik; Beziehungspflege; Imagepflege; Wirtschaftsbeziehungen; Kontaktpflege;"	1418370943
"Friedensförderung/Menschenrechte"	"Friedensförderung/Menschenrechte"	"Promotion de la paix"	"Friedensförderung/Menschenrechte / Promotion de la paix"	71	"Friedensförderung/Menschenrechte"	"Promotion de la paix"	13	"Förderung der Menschenrechte und zivile Friedensförderung im Bereich der Aussenpolitik"	"Promotion des droits humains et promotion civile de la paix dans le cadre de la politique extérieure"	"Friede; Peace; Menschenrechte; Gute Dienste"		2014-09-16T00:00:00	"Friedensförderung/Menschenrechte"	"Förderung der Menschenrechte und zivile Friedensförderung im Bereich der Aussenpolitik"	"Friede; Peace; Menschenrechte; Gute Dienste"	1410818400
"Sicherheit allgemein"	"Sicherheit allgemein"	"Sécurité en général"	"Sicherheit allgemein / Sécurité en général"	72	"Sicherheit allgemein"	"Sécurité en général"	16	"private Sicherheitsdienste, private Initiativen zur Verbesserung der Sicherheit und Verhinderung Kriminalität"				2014-09-16T00:00:00	"Sicherheit allgemein"	"private Sicherheitsdienste, private Initiativen zur Verbesserung der Sicherheit und Verhinderung Kriminalität"		1410818400
"Pflege"	"Pflege"	"Soin"	"Pflege / Soin"	73	"Pflege"	"Soin"	1	"Pflege in Heimen, Pflegeinstitutionen, auch Verbände wie SBK"	"Soins dans des homes, insitutions de soins, également groupes d'intérêt"			2014-09-16T00:00:00	"Pflege"	"Pflege in Heimen, Pflegeinstitutionen, auch Verbände wie SBK"		1410818400
"Dienstleistungen allg."	"Dienstleistungen allg."	"Services en général économie"	"Dienstleistungen allg. / Services en général économie"	74	"Dienstleistungen allg."	"Services en général économie"	9	"Verschiedene Dienstleister wie Vergleichsportale, Messen, Ausstellungen und andere Vermittler zwischen der Wirtschaft/Gewerbe und Konsumenten."		"Vergleichsportal; Preisvergleich; Preisvergleichsportal; Schnäppchenportal; Ausstellung, Messe, Expo, Exposition"		2016-10-18T17:27:17	"Dienstleistungen allg."	"Verschiedene Dienstleister wie Vergleichsportale, Messen, Ausstellungen und andere Vermittler zwischen der Wirtschaft/Gewerbe und Konsumenten."	"Vergleichsportal; Preisvergleich; Preisvergleichsportal; Schnäppchenportal; Ausstellung, Messe, Expo, Exposition"	1476804437
"Pro EU"	"Pro EU"	"Pro UE"	"Pro EU / Pro UE"	75	"Pro EU"	"Pro UE"	13	"pro europäisch"	"Organisations pro-européennes (p. ex. NOMES)"			2014-09-16T00:00:00	"Pro EU"	"pro europäisch"		1410818400
"EU-Gegner"	"EU-Gegner"	"Anti UE"	"EU-Gegner / Anti UE"	76	"EU-Gegner"	"Anti UE"	13	"EU-kritische Organisationen (wie z.B. AUNS)."	"Organisation anti-UE (p.ex. ASIN)"	"Anti-EU; EU-Kritiker; EU-Skeptiker; EU nein; Unabhängigkeit; Souveränität;"		2014-09-16T00:00:00	"EU-Gegner"	"EU-kritische Organisationen (wie z.B. AUNS)."	"Anti-EU; EU-Kritiker; EU-Skeptiker; EU nein; Unabhängigkeit; Souveränität;"	1410818400
"Futtermittel/Pflanzenbau"	"Futtermittel/Pflanzenbau"	"Nourriture pour animaux / Production végétale"	"Futtermittel/Pflanzenbau / Nourriture pour animaux / Production végétale"	77	"Futtermittel/Pflanzenbau"	"Nourriture pour animaux / Production végétale"	15	"Futtermittelindustrie, Futtermühlen, Pflanzenbau, etc."	"Fourage, farines alimentaires pour animaux, silots, production végétale."	"Viehfutter; Futtermittelindustrie"		2014-09-16T00:00:00	"Futtermittel/Pflanzenbau"	"Futtermittelindustrie, Futtermühlen, Pflanzenbau, etc."	"Viehfutter; Futtermittelindustrie"	1410818400
"IT"	"IT"	"Technologies de l'information"	"IT / Technologies de l'information"	78	"IT"	"Technologies de l'information"	9	"Organisationen und Unternehmen aus dem Bereich ICT"		"IT; ICT; Information and Communication Technology; Informationstechnologie; Computer; Netzwerke; Software; Kommunikationstechnologie; Informatik;"		2014-09-16T00:00:00	"IT"	"Organisationen und Unternehmen aus dem Bereich ICT"	"IT; ICT; Information and Communication Technology; Informationstechnologie; Computer; Netzwerke; Software; Kommunikationstechnologie; Informatik;"	1410818400
"Heime/Institutionen"	"Heime/Institutionen"	"Homes/Institutions"	"Heime/Institutionen / Homes/Institutions"	79	"Heime/Institutionen"	"Homes/Institutions"	2	"Diverse Heime, also Alters-, Behinderten-, Kinderheime (private und öffentliche Institutionen)."		"Altersheim; Behindertenheim; Jugendheim; Heimwesen; Institution; Pflegeheim"		2014-09-16T00:00:00	"Heime/Institutionen"	"Diverse Heime, also Alters-, Behinderten-, Kinderheime (private und öffentliche Institutionen)."	"Altersheim; Behindertenheim; Jugendheim; Heimwesen; Institution; Pflegeheim"	1410818400
"Ökologie"	"Ökologie"	"Agriculture écologique"	"Ökologie / Agriculture écologique"	80	"Ökologie"	"Agriculture écologique"	15	"Umweltbereich in der Landwirtschaft, zB Kleinbauern"				2014-09-16T00:00:00	"Ökologie"	"Umweltbereich in der Landwirtschaft, zB Kleinbauern"		1410818400
"Konsumentenschutz"	"Konsumentenschutz"	"Protection des consommateurs"	"Konsumentenschutz / Protection des consommateurs"	81	"Konsumentenschutz"	"Protection des consommateurs"	9	"Konsumenten"		"Konsumentenschutz; Konsum; Konsumenten; Kassensturz; Konsumentenvertreter; Ombudsstellen"		2014-09-16T00:00:00	"Konsumentenschutz"	"Konsumenten"	"Konsumentenschutz; Konsum; Konsumenten; Kassensturz; Konsumentenvertreter; Ombudsstellen"	1410818400
"Weinbau, Bier und Spirituosen"	"Weinbau, Bier und Spirituosen"	"Vins, bière et spiritueux"	"Weinbau, Bier und Spirituosen / Vins, bière et spiritueux"	82	"Weinbau, Bier und Spirituosen"	"Vins, bière et spiritueux"	15	"Rebbau, Weinbau, Winzern, Verarbeiter, Schnapsbrenner, Spirituosen, Bierbrauer, Bierhändler"				2014-09-16T00:00:00	"Weinbau, Bier und Spirituosen"	"Rebbau, Weinbau, Winzern, Verarbeiter, Schnapsbrenner, Spirituosen, Bierbrauer, Bierhändler"		1410818400
"Promotion/Label"	"Promotion/Label"	"Promotion en agriculture"	"Promotion/Label / Promotion en agriculture"	83	"Promotion/Label"	"Promotion en agriculture"	15	"Verkaufsorganisationen, Label, Promotionsverbände"				2014-09-16T00:00:00	"Promotion/Label"	"Verkaufsorganisationen, Label, Promotionsverbände"		1410818400
"Obstwirtschaft"	"Obstwirtschaft"	"Industrie fruitière"	"Obstwirtschaft / Industrie fruitière"	84	"Obstwirtschaft"	"Industrie fruitière"	15	"Obstwirtschaft, Pflanzer, Verarbeiter, Händler --> Schnaps siehe Weinbau/Spirituosen"		"Obstwirtschaft; Obstbauern; Obstverarbeiter; Früchte; Obsthändler; Früchtehändler;"		2014-09-16T00:00:00	"Obstwirtschaft"	"Obstwirtschaft, Pflanzer, Verarbeiter, Händler --> Schnaps siehe Weinbau/Spirituosen"	"Obstwirtschaft; Obstbauern; Obstverarbeiter; Früchte; Obsthändler; Früchtehändler;"	1410818400
"Landwirtschaft allgemein"	"Landwirtschaft allgemein"	"Agriculture en général"	"Landwirtschaft allgemein / Agriculture en général"	85	"Landwirtschaft allgemein"	"Agriculture en général"	15	"Verschiedene landwirtschaftliche Organisationen, Bürgschaftsgenossenschaften, IGs etc"		"Landwirtschaft; Bürgschaftsgenossenschaften; landwirtschaftliche Genossenschaften;"		2014-09-16T00:00:00	"Landwirtschaft allgemein"	"Verschiedene landwirtschaftliche Organisationen, Bürgschaftsgenossenschaften, IGs etc"	"Landwirtschaft; Bürgschaftsgenossenschaften; landwirtschaftliche Genossenschaften;"	1410818400
"Viehwirtschaft"	"Viehwirtschaft"	"Elevage d'animaux"	"Viehwirtschaft / Elevage d'animaux"	86	"Viehwirtschaft"	"Elevage d'animaux"	15	"Viehzucht, Händler, Pferdezucht etc"				2014-09-16T00:00:00	"Viehwirtschaft"	"Viehzucht, Händler, Pferdezucht etc"		1410818400
"Maschinenindustrie"	"Maschinenindustrie"	"Industrie des machines-outils"	"Maschinenindustrie / Industrie des machines-outils"	87	"Maschinenindustrie"	"Industrie des machines-outils"	9	"Unternehmen der Maschinen-, Elektro- und Metallindustrie (auch Motoren, Pumpen, etc) sowie die Werkzeugbranche."		"Maschinenindustrie; Elektroindustrie; Metallindustrie; Motorenhersteller; Werkzeugindustrie; Werkzeugmacher;"		2014-09-16T00:00:00	"Maschinenindustrie"	"Unternehmen der Maschinen-, Elektro- und Metallindustrie (auch Motoren, Pumpen, etc) sowie die Werkzeugbranche."	"Maschinenindustrie; Elektroindustrie; Metallindustrie; Motorenhersteller; Werkzeugindustrie; Werkzeugmacher;"	1410818400
"Dienstleistungen Gesundheit"	"Dienstleistungen Gesundheit"	"Services de santé"	"Dienstleistungen Gesundheit / Services de santé"	88	"Dienstleistungen Gesundheit"	"Services de santé"	1	"Unternehmen und Organisationen mit Dienstleistungen im Bereich Gesundheitswesen"	"Entreprises de services pour le domaines de la santé, p. ex. solutions électroniques"	"Dienstleister Gesundheitswesen; Abrechnungs-Software; Patientendossier; eHealth;"		2016-10-18T17:27:17	"Dienstleistungen Gesundheit"	"Unternehmen und Organisationen mit Dienstleistungen im Bereich Gesundheitswesen"	"Dienstleister Gesundheitswesen; Abrechnungs-Software; Patientendossier; eHealth;"	1476804437
"Sport allgemein"	"Sport allgemein"	"Sport en général"	"Sport allgemein / Sport en général"	89	"Sport allgemein"	"Sport en général"	17	"Sportmuseum, Schiedsrichter, Ausrüster, Fans etc."				2014-09-16T00:00:00	"Sport allgemein"	"Sportmuseum, Schiedsrichter, Ausrüster, Fans etc."		1410818400
"Verkehrssicherheit"	"Verkehrssicherheit"	"Sécurité routière"	"Verkehrssicherheit / Sécurité routière"	90	"Verkehrssicherheit"	"Sécurité routière"	5	"Organisationen, die sich in der Sicherheit im Verkehr allgemein engagieren. BFU, Roadcross etc"				2014-09-16T00:00:00	"Verkehrssicherheit"	"Organisationen, die sich in der Sicherheit im Verkehr allgemein engagieren. BFU, Roadcross etc"		1410818400
"Klima"	"Klima"	"Climat"	"Klima / Climat"	91	"Klima"	"Climat"	4	"Klimapolitik und nachhaltige Entwicklung, My Climate"		"Klimapolitik; Klimawandel; Klimaschutz; Climate change; Nachhaltige Entwicklung; Sustainability; Klimakonferenz; CO2-Kompensation;"		2014-09-16T00:00:00	"Klima"	"Klimapolitik und nachhaltige Entwicklung, My Climate"	"Klimapolitik; Klimawandel; Klimaschutz; Climate change; Nachhaltige Entwicklung; Sustainability; Klimakonferenz; CO2-Kompensation;"	1410818400
"Detailhandel"	"Detailhandel"	"Commerce de détail"	"Detailhandel / Commerce de détail"	92	"Detailhandel"	"Commerce de détail"	9	"Detailhändler"		"Detailhandel; Detailhändler, Grossverteiler; Detailhandelsunternehmen;"		2014-09-16T00:00:00	"Detailhandel"	"Detailhändler"	"Detailhandel; Detailhändler, Grossverteiler; Detailhandelsunternehmen;"	1410818400
"Umwelt allgemein"	"Umwelt allgemein"	"Environnement en général"	"Umwelt allgemein / Environnement en général"	93	"Umwelt allgemein"	"Environnement en général"	4	"allgemeiner Umweltschutz,  technologisches, etc."				2014-09-16T00:00:00	"Umwelt allgemein"	"allgemeiner Umweltschutz,  technologisches, etc."		1410818400
"Raumplanung"	"Raumplanung"	"Aménagement du territoire"	"Raumplanung / Aménagement du territoire"	94	"Raumplanung"	"Aménagement du territoire"	4	"Themen der Raumplanung, Landschaftsschutz"				2014-09-16T00:00:00	"Raumplanung"	"Themen der Raumplanung, Landschaftsschutz"		1410818400
"Rüstungsindustrie"	"Rüstungsindustrie"	"Industrie de l'armement"	"Rüstungsindustrie / Industrie de l'armement"	95	"Rüstungsindustrie"	"Industrie de l'armement"	16	"Wehrtechnik, Waffen, Rüstungsgüter"				2014-09-16T00:00:00	"Rüstungsindustrie"	"Wehrtechnik, Waffen, Rüstungsgüter"		1410818400
"Produktion/Handel Landwirtschaft"	"Produktion/Handel Landwirtschaft"	"Production/Commerce"	"Produktion/Handel Landwirtschaft / Production/Commerce"	96	"Produktion/Handel Landwirtschaft"	"Production/Commerce"	15	"Saatgut, Herstellung, Handel mit landwirtschaftlichen Produkten etc."				2014-09-16T00:00:00	"Produktion/Handel Landwirtschaft"	"Saatgut, Herstellung, Handel mit landwirtschaftlichen Produkten etc."		1410818400
"Biotech"	"Biotech"	"Biotechnologie"	"Biotech / Biotechnologie"	97	"Biotech"	"Biotechnologie"	9	"Firmen der Biotechnologie, auch Gentech, Syngenta etc."		"Biotechnologie; Gentechnologie; Gentech; Freisetzung;"		2014-09-16T00:00:00	"Biotech"	"Firmen der Biotechnologie, auch Gentech, Syngenta etc."	"Biotechnologie; Gentechnologie; Gentech; Freisetzung;"	1410818400
"Mieter"	"Mieter"	"Locataires"	"Mieter / Locataires"	98	"Mieter"	"Locataires"	9	"Mieterinnen und Mieterverbände"		"Mieterinnen- und Mieterverband; Mieter;"		2014-09-16T00:00:00	"Mieter"	"Mieterinnen und Mieterverbände"	"Mieterinnen- und Mieterverband; Mieter;"	1410818400
"Abgaben und Steuern"	"Abgaben und Steuern"	"Taxes et redevances"	"Abgaben und Steuern / Taxes et redevances"	99	"Abgaben und Steuern"	"Taxes et redevances"	9	"Steuersenkungsinitiativen, Abgabenkritiker, Befürworter von Steuerwettbewerb"		"Steuerwettbewerb; Erbschaftssteuer; Mehrwertsteuer; Steuersenkung; Steuererhöhung"		2014-12-12T08:55:43	"Abgaben und Steuern"	"Steuersenkungsinitiativen, Abgabenkritiker, Befürworter von Steuerwettbewerb"	"Steuerwettbewerb; Erbschaftssteuer; Mehrwertsteuer; Steuersenkung; Steuererhöhung"	1418370943
"Berggebiete"	"Berggebiete"	"Régions de montagne"	"Berggebiete / Régions de montagne"	100	"Berggebiete"	"Régions de montagne"	14	"Organisationen, die sich explizit für Berggebiete einsetzen"		"Berggebiet; Alpen; Berghilfe; Winterhilfe; Bergbauern; Alpwirtschaft; Alp; Alpen;"		2014-09-16T00:00:00	"Berggebiete"	"Organisationen, die sich explizit für Berggebiete einsetzen"	"Berggebiet; Alpen; Berghilfe; Winterhilfe; Bergbauern; Alpwirtschaft; Alp; Alpen;"	1410818400
"Textilindustrie"	"Textilindustrie"	"Industrie textile"	"Textilindustrie / Industrie textile"	101	"Textilindustrie"	"Industrie textile"	9	"Firmen der Textilindustrie, Textilverarbeitung"				2014-09-16T00:00:00	"Textilindustrie"	"Firmen der Textilindustrie, Textilverarbeitung"		1410818400
"Kinder/Jugend"	"Kinder/Jugend"	"Enfants/Jeunesse"	"Kinder/Jugend / Enfants/Jeunesse"	102	"Kinder/Jugend"	"Enfants/Jeunesse"	2	"Unterstützung von Kindern, Jugend; Förderung, Interessenvertretung von Kindern-/Jugendlichen"		"Kinder; Kinderparlament; Jugend; Jugendparlament; Jugendpolitik; Jugendförderung; junge Erwachsene;"		2014-09-16T00:00:00	"Kinder/Jugend"	"Unterstützung von Kindern, Jugend; Förderung, Interessenvertretung von Kindern-/Jugendlichen"	"Kinder; Kinderparlament; Jugend; Jugendparlament; Jugendpolitik; Jugendförderung; junge Erwachsene;"	1410818400
"Religion"	"Religion"	"Religion"	"Religion / Religion"	103	"Religion"	"Religion"	14	"Religiöse Gruppen verschiedener Glaubensrichtungen und Freikirchen."				2014-09-16T00:00:00	"Religion"	"Religiöse Gruppen verschiedener Glaubensrichtungen und Freikirchen."		1410818400
"Innere Sicherheit"	"Innere Sicherheit"	"Sécurité intérieure/Services de renseignement"	"Innere Sicherheit / Sécurité intérieure/Services de renseignement"	104	"Innere Sicherheit"	"Sécurité intérieure/Services de renseignement"	16	"Organisationen im Bereich innere Sicherheit, Antiterrorismus, Nachrichtendienste, Bundeskriminalpolizei, Bundesanwaltschaft, Fedpol"		"Innere Sicherheit; Nachrichtendienst; Bundeskriminalpolizei; Verbrechensbekämpfung; Geheimdienst; Bundesanwaltschaft; Fedpol; Überwachung; Fichierung;"		2014-09-16T00:00:00	"Innere Sicherheit"	"Organisationen im Bereich innere Sicherheit, Antiterrorismus, Nachrichtendienste, Bundeskriminalpolizei, Bundesanwaltschaft, Fedpol"	"Innere Sicherheit; Nachrichtendienst; Bundeskriminalpolizei; Verbrechensbekämpfung; Geheimdienst; Bundesanwaltschaft; Fedpol; Überwachung; Fichierung;"	1410818400
"Polizei"	"Polizei"	"Police"	"Polizei / Police"	105	"Polizei"	"Police"	16	"Diverse Polizeikorps, Berufsverbände, Organisationen mit Bezug zu Polizeikorps bzw. Dienstleistungen im Zusammenhang mit der Polizeibehörde."				2014-10-02T08:31:18	"Polizei"	"Diverse Polizeikorps, Berufsverbände, Organisationen mit Bezug zu Polizeikorps bzw. Dienstleistungen im Zusammenhang mit der Polizeibehörde."		1412231478
"Gemeinden"	"Gemeinden"	"Communes"	"Gemeinden / Communes"	106	"Gemeinden"	"Communes"	14	"Organisationen, Verbände der Gemeinden"		"Gemeinde; Gemeinwesen; Gemeindeverband; Gemeindeverbände; Regionalverband; Kommunen"		2014-09-16T00:00:00	"Gemeinden"	"Organisationen, Verbände der Gemeinden"	"Gemeinde; Gemeinwesen; Gemeindeverband; Gemeindeverbände; Regionalverband; Kommunen"	1410818400
"Investmentgesellschaften"	"Investmentgesellschaften"	"Société d'investissement"	"Investmentgesellschaften / Société d'investissement"	107	"Investmentgesellschaften"	"Société d'investissement"	9	"Investmentgesellschaften, Beteiligungsgesellschaften"		"Fonds; Hedge Fund; Anlagen; Beteiligungen; Investments; Beteiligungsgesellschaft;"		2014-09-16T00:00:00	"Investmentgesellschaften"	"Investmentgesellschaften, Beteiligungsgesellschaften"	"Fonds; Hedge Fund; Anlagen; Beteiligungen; Investments; Beteiligungsgesellschaft;"	1410818400
"Handel"	"Handel"	"Commerce"	"Handel / Commerce"	108	"Handel"	"Commerce"	9	"Import/Export von Gütern aller Art."		"Import; Export; Einfuhr; Ausfuhr"		2014-09-16T00:00:00	"Handel"	"Import/Export von Gütern aller Art."	"Import; Export; Einfuhr; Ausfuhr"	1410818400
"Militär"	"Militär"	"Militaire"	"Militär / Militaire"	111	"Militär"	"Militaire"	16	"Armee, Militär, Luftwaffe"		"Armee; Heer, Militär; Luftwaffe; Landesverteidigung;"		2014-09-16T00:00:00	"Militär"	"Armee, Militär, Luftwaffe"	"Armee; Heer, Militär; Luftwaffe; Landesverteidigung;"	1410818400
"Chemie/Biotech"	"Chemie/Biotech"	"Chimie/Biotechnologie"	"Chemie/Biotech / Chimie/Biotechnologie"	115	"Chemie/Biotech"	"Chimie/Biotechnologie"	9	"Unternehmen der chemischen Industrie und Biotech."		"Chemie; Biotech; chemische Industrie; Biotech; Biotechnologie; Chemieunternehmen; Chemieindustrie;"		2014-09-16T00:00:00	"Chemie/Biotech"	"Unternehmen der chemischen Industrie und Biotech."	"Chemie; Biotech; chemische Industrie; Biotech; Biotechnologie; Chemieunternehmen; Chemieindustrie;"	1410818400
"Luftfahrt"	"Luftfahrt"	"Transport aérien"	"Luftfahrt / Transport aérien"	116	"Luftfahrt"	"Transport aérien"	5	"Unternehmen der zivilen und militärischen Luftfahrt"		"Luftfahrt; Fliegen; Flugverkehr; Flugzeug; Fluggesellschaften; Aviation;"		2014-09-16T00:00:00	"Luftfahrt"	"Unternehmen der zivilen und militärischen Luftfahrt"	"Luftfahrt; Fliegen; Flugverkehr; Flugzeug; Fluggesellschaften; Aviation;"	1410818400
"Aufsichtsgremien"	"Aufsichtsgremien"	"Organes de contrôle"	"Aufsichtsgremien / Organes de contrôle"	117	"Aufsichtsgremien"	"Organes de contrôle"	14	"Aufsichtsgremien der Kantone und des Bundes (z.B. Stiftungsaufsicht, Finma etc)"		"Aufsichtsgremien; Aufsichtsgremium; Kontrolleure; Kontrolle; Stiftungsaufsicht; Finma;"		2014-12-12T08:55:43	"Aufsichtsgremien"	"Aufsichtsgremien der Kantone und des Bundes (z.B. Stiftungsaufsicht, Finma etc)"	"Aufsichtsgremien; Aufsichtsgremium; Kontrolleure; Kontrolle; Stiftungsaufsicht; Finma;"	1418370943
"Globalisierungskritiker"	"Globalisierungskritiker"	"Altermondialisme"	"Globalisierungskritiker / Altermondialisme"	118	"Globalisierungskritiker"	"Altermondialisme"	13	"Organisationen aus dem Bereich Förderung der Menschenrechte, Freihandelspolitik, die sich einsetzen für faire Handelsbeziehungen von Schweizer Wirtschaftsunternehmen; auch globalisierungskritissche Organisationen."	"Organisations de promotion des droits humains, du commerce équitable, pour des relations économiques éthiques de la part des entreprises suisses. Y compris organisations altermondialistes."	"Fairtrade; Globalisierungskritiker; Menschenrechte;"		2014-11-26T00:00:00	"Globalisierungskritiker"	"Organisationen aus dem Bereich Förderung der Menschenrechte, Freihandelspolitik, die sich einsetzen für faire Handelsbeziehungen von Schweizer Wirtschaftsunternehmen; auch globalisierungskritissche Organisationen."	"Fairtrade; Globalisierungskritiker; Menschenrechte;"	1416956400
"Grafik"	"Grafik"	"Graphique"	"Grafik / Graphique"	119	"Grafik"	"Graphique"	18	"Grafik, Typografie sowie andere der Werbung/Printmedien vorgelagerte Berufe und Tätigkeiten."	"Graphisme, typographie et autres métiers et activités liés à l'impression et à la publicité"	"Grafik; visuelle Gestaltung; Polygraph; Polygraf; Typograph; Typografie;"		2014-11-26T00:00:00	"Grafik"	"Grafik, Typografie sowie andere der Werbung/Printmedien vorgelagerte Berufe und Tätigkeiten."	"Grafik; visuelle Gestaltung; Polygraph; Polygraf; Typograph; Typografie;"	1416956400
"Rettungswesen"	"Rettungswesen"	"Sauvetage"	"Rettungswesen / Sauvetage"	120	"Rettungswesen"	"Sauvetage"	16	"Rettungsdienste wie z.B. Rega, Ambulanzen etc."				2014-11-26T00:00:00	"Rettungswesen"	"Rettungsdienste wie z.B. Rega, Ambulanzen etc."		1416956400
"Vermögensverwalter"	"Vermögensverwalter"	"Gestion de fortune"	"Vermögensverwalter / Gestion de fortune"	121	"Vermögensverwalter"	"Gestion de fortune"	9	"Unabhängie Vermögensverwalter, wie sie beispielsweise im Verband der Schweizerischen Vermögensverwalter organisisert sind (Anlageberater und andere Finanzdienstleister)."		"Finanzdienstleister; Nichtbankensektor; Finanzintermediäre; Parabanken"		2016-10-18T17:27:17	"Vermögensverwalter"	"Unabhängie Vermögensverwalter, wie sie beispielsweise im Verband der Schweizerischen Vermögensverwalter organisisert sind (Anlageberater und andere Finanzdienstleister)."	"Finanzdienstleister; Nichtbankensektor; Finanzintermediäre; Parabanken"	1476804437
"Wasser"	"Wasser"	"Eau"	"Wasser / Eau"	122	"Wasser"	"Eau"	4	"Wasserversorgung, Abwasserentsorgung, Abwasserreinigung und ähnliches"				2014-11-26T00:00:00	"Wasser"	"Wasserversorgung, Abwasserentsorgung, Abwasserreinigung und ähnliches"		1416956400
"Wasserkraft"	"Wasserkraft"	"Energie hydraulique"	"Wasserkraft / Energie hydraulique"	123	"Wasserkraft"	"Energie hydraulique"	3	"Wasserkraftwerke, Pumpspeicherkraftwerke"	"Usines hydrauliques"			2014-11-26T00:00:00	"Wasserkraft"	"Wasserkraftwerke, Pumpspeicherkraftwerke"		1416956400
"Landwirtschaftstechnik"	"Landwirtschaftstechnik"	"Technique"	"Landwirtschaftstechnik / Technique"	124	"Landwirtschaftstechnik"	"Technique"	15	"Technische Hilfsmittel und Tätigkeiten für die Landwirtschaft, z.B. Landmaschinen etc."				2014-11-26T00:00:00	"Landwirtschaftstechnik"	"Technische Hilfsmittel und Tätigkeiten für die Landwirtschaft, z.B. Landmaschinen etc."		1416956400
"Werbung"	"Werbung"	"Publicité"	"Werbung / Publicité"	125	"Werbung"	"Publicité"	18	"Unternehmen der klassischen Werbebranche; also Werbefirmen, Unternehmen zur Aquisition von Werbung"	"Branche publicitaire classique, démarchage pour publicité"			2014-11-26T00:00:00	"Werbung"	"Unternehmen der klassischen Werbebranche; also Werbefirmen, Unternehmen zur Aquisition von Werbung"		1416956400
"Abfallwirtschaft"	"Abfallwirtschaft"	"Déchets"	"Abfallwirtschaft / Déchets"	126	"Abfallwirtschaft"	"Déchets"	4	"Abfallwirtschaft, Deponien sowie Unternehmen der Recyclingbranche"		"Recycling; Deponie; Müll; Kehricht"		2014-12-12T08:55:43	"Abfallwirtschaft"	"Abfallwirtschaft, Deponien sowie Unternehmen der Recyclingbranche"	"Recycling; Deponie; Müll; Kehricht"	1418370943
"Zuwanderungskritiker"	"Zuwanderungskritiker"	"Anti-immigration"	"Zuwanderungskritiker / Anti-immigration"	127	"Zuwanderungskritiker"	"Anti-immigration"	14	"Organisationen, die sich für eine Beschränkung der Zuwanderung einsetzen."				2014-11-26T00:00:00	"Zuwanderungskritiker"	"Organisationen, die sich für eine Beschränkung der Zuwanderung einsetzen."		1416956400
"Bildende Künste"	"Bildende Künste"	"Arts plastiques"	"Bildende Künste / Arts plastiques"	128	"Bildende Künste"	"Arts plastiques"	8	"Bildende Künstler wie Kunstmaler, Bildhauer etc."	"Arts plastiques comme peintres, sculpteurs, etc."	"Maler, Bildhauer, Skulpturen"		2015-01-06T19:17:59	"Bildende Künste"	"Bildende Künstler wie Kunstmaler, Bildhauer etc."	"Maler, Bildhauer, Skulpturen"	1420568279
"Buchhandel"	"Buchhandel"	"Librairie"	"Buchhandel / Librairie"	129	"Buchhandel"	"Librairie"	18	"Buchhändler und Buchverlage"	"Commerce de livres et maisons d'édition"	"Buch; Buchhandel; Buchhändler; Buchverlag; Edition; Buchhandlung"		2015-01-09T17:42:13	"Buchhandel"	"Buchhändler und Buchverlage"	"Buch; Buchhandel; Buchhändler; Buchverlag; Edition; Buchhandlung"	1420821733
"Uhrenindustrie"	"Uhrenindustrie"	"Horlogerie"	"Uhrenindustrie / Horlogerie"	130	"Uhrenindustrie"	"Horlogerie"	9	"Unternehmen der Uhrenindustrie bzw. Zulieferer der Uhrenindustrie."		"Uhrenfabrik; Decoltage"		2015-03-21T00:00:00	"Uhrenindustrie"	"Unternehmen der Uhrenindustrie bzw. Zulieferer der Uhrenindustrie."	"Uhrenfabrik; Decoltage"	1426892400
"AKW-Gegner"	"AKW-Gegner"	"Anti-nucléaire"	"AKW-Gegner / Anti-nucléaire"	131	"AKW-Gegner"	"Anti-nucléaire"	3	"Kritiker und Gegner der Atomenergie bzw. klassische AKW-Gegner."	"Critiques et opposants à l'énergie nucléaire"	"AKW-Gegner, Atomausstieg, Nuklearkritiker, AKW-Ausstieg"		2015-01-06T19:41:05	"AKW-Gegner"	"Kritiker und Gegner der Atomenergie bzw. klassische AKW-Gegner."	"AKW-Gegner, Atomausstieg, Nuklearkritiker, AKW-Ausstieg"	1420569665
"Schifffahrt"	"Schifffahrt"	"Transport naval"	"Schifffahrt / Transport naval"	132	"Schifffahrt"	"Transport naval"	5	"Unternehmen aus dem Bereich der touristischen Schiffahrt."		"Kreuzfahrt, Schiffahrt, Boot, Dampfschiff"		2015-03-21T00:00:00	"Schifffahrt"	"Unternehmen aus dem Bereich der touristischen Schiffahrt."	"Kreuzfahrt, Schiffahrt, Boot, Dampfschiff"	1426892400
"Tabak"	"Tabak"	"Tabac"	"Tabak / Tabac"	133	"Tabak"	"Tabac"	9	"Verbände und Organisationen der Tabakindustrie, des Tabakhandels, Tabakanbaus, Zigarrenvereine etc."		"Cigarre, Zigarette, Cigar, Raucher Fumeur"		2015-03-21T00:00:00	"Tabak"	"Verbände und Organisationen der Tabakindustrie, des Tabakhandels, Tabakanbaus, Zigarrenvereine etc."	"Cigarre, Zigarette, Cigar, Raucher Fumeur"	1426892400
"Gentechnik-Kritiker"	"Gentechnik-Kritiker"	"Anti-OMG"	"Gentechnik-Kritiker / Anti-OMG"	134	"Gentechnik-Kritiker"	"Anti-OMG"	15	"Kritker der Gentechnologie"	"Opposants aux organismes génétiquement modifiés."	"Anti-Gentech; Gentechnologie-Gegner; Freisetzungsgegner"		2015-01-24T11:13:44	"Gentechnik-Kritiker"	"Kritker der Gentechnologie"	"Anti-Gentech; Gentechnologie-Gegner; Freisetzungsgegner"	1422094424
"Holz- und Waldwirtschaft"	"Holz- und Waldwirtschaft"	"Industrie du bois"	"Holz- und Waldwirtschaft / Industrie du bois"	135	"Holz- und Waldwirtschaft"	"Industrie du bois"	9	"Sägereien, Holzverarbeiter, Holzvermarkter;"				2015-03-21T00:00:00	"Holz- und Waldwirtschaft"	"Sägereien, Holzverarbeiter, Holzvermarkter;"		1426892400
"Glücksspiel"	"Glücksspiel"	"Jeux de hasard"	"Glücksspiel / Jeux de hasard"	136	"Glücksspiel"	"Jeux de hasard"	9	"Lotteriegesellschaften, Casinos und ähnliche Einrichtungen aus dem Bereich des Glücksspiels."				2015-03-21T00:00:00	"Glücksspiel"	"Lotteriegesellschaften, Casinos und ähnliche Einrichtungen aus dem Bereich des Glücksspiels."		1426892400
"Geflügelzucht"	"Geflügelzucht"	"Elevage de volailles"	"Geflügelzucht / Elevage de volailles"	137	"Geflügelzucht"	"Elevage de volailles"	15	"Unternehmen, Verbände und Firmen mit dem Hauptzweck der Geflügelzucht (Pouletmästereien etc)."				2015-03-21T00:00:00	"Geflügelzucht"	"Unternehmen, Verbände und Firmen mit dem Hauptzweck der Geflügelzucht (Pouletmästereien etc)."		1426892400
"Architektur"	"Architektur"	"Architecture"	"Architektur / Architecture"	138	"Architektur"	"Architecture"	9	"Architekten, Architekturbüros im engeren Sinn."		"Architektur, Baugestalter, Planer"		2015-03-21T00:00:00	"Architektur"	"Architekten, Architekturbüros im engeren Sinn."	"Architektur, Baugestalter, Planer"	1426892400
"Film/Theater"	"Film/Theater"	"Cinéma/théatre"	"Film/Theater / Cinéma/théatre"	139	"Film/Theater"	"Cinéma/théatre"	8	"Film- und Theaterschaffen."		"Kino, Cinema, Theater, Spectacle, darstellende Künste, Varietee, Kabaret"		2015-08-16T00:00:00	"Film/Theater"	"Film- und Theaterschaffen."	"Kino, Cinema, Theater, Spectacle, darstellende Künste, Varietee, Kabaret"	1439676000
"Literatur"	"Literatur"	"Litérature"	"Literatur / Litérature"	140	"Literatur"	"Litérature"	8	"Schriftsteller und Autoren."		"Buchautor, Publizist, Literaten"		2015-08-16T00:00:00	"Literatur"	"Schriftsteller und Autoren."	"Buchautor, Publizist, Literaten"	1439676000
"Zivilschutz"	"Zivilschutz"	"Protection civile"	"Zivilschutz / Protection civile"	141	"Zivilschutz"	"Protection civile"	16	"Setzt sich für den Schutz der Bevölkerung ein: Sicherheit, Intervention und Prävention."				2015-08-16T00:00:00	"Zivilschutz"	"Setzt sich für den Schutz der Bevölkerung ein: Sicherheit, Intervention und Prävention."		1439676000
"Justiz"	"Justiz"	"Justice"	"Justiz / Justice"	143	"Justiz"	"Justice"	14	"Gerichte bzw. rechtssprechende Organe, also auch Staatsanwälte etc."	"Cours de justice et leurs organes, tels que procureurs, etc."	"Staatsanwalt, Bezirksgericht, Obergericht, Kantonsgericht, Militärgericht, Handelsgericht, Bundesgericht, Bundesanwaltschaft, Versicherungsgericht"	"ministère publique, tribunal de district, tribunal cantonal, tribunal militaire, tribunal de commerce, tribunal fédéral, tribunal administratif, tribunal des assurance"	2015-06-08T11:24:24	"Justiz"	"Gerichte bzw. rechtssprechende Organe, also auch Staatsanwälte etc."	"Staatsanwalt, Bezirksgericht, Obergericht, Kantonsgericht, Militärgericht, Handelsgericht, Bundesgericht, Bundesanwaltschaft, Versicherungsgericht"	1433755464
"Lärmschutz"	"Lärmschutz"	"Protection contre le bruit"	"Lärmschutz / Protection contre le bruit"	144	"Lärmschutz"	"Protection contre le bruit"	4	"Lärmschutz allgemein auch Anwohnervereinigungen in Sachen Fluglärm, SBB-Lärm, etc."		"Südanflug, Kloten Flughafen, Lärm"		2016-02-04T00:00:00	"Lärmschutz"	"Lärmschutz allgemein auch Anwohnervereinigungen in Sachen Fluglärm, SBB-Lärm, etc."	"Südanflug, Kloten Flughafen, Lärm"	1454540400
"Fischerei"	"Fischerei"	"Pêche"	"Fischerei / Pêche"	145	"Fischerei"	"Pêche"	15	"Fischerei, Fischer, Fischzucht"	"Pêche, pêcheurs, pisciculture"			2016-09-06T15:10:15	"Fischerei"	"Fischerei, Fischer, Fischzucht"		1473167415
"Zünfte, Verbindungen und Serviceclubs"	"Zünfte, Verbindungen und Serviceclubs"	"Corporations, guildes, sociétés estudiantines"	"Zünfte, Verbindungen und Serviceclubs / Corporations, guildes, sociétés estudiantines"	146	"Zünfte, Verbindungen und Serviceclubs"	"Corporations, guildes, sociétés estudiantines"	9	"Handwerkerzünfte, Studentenverbindungen sowie andere Vereinigungen wie Serviceclubs, deren Zweck letztlich die Vernetzung von Berufsleuten, Studenten und Unternehmern zum Zweck haben. "	"Corporations, guildes, sociétés estudiantines, tout comme autres type d'associations tels les clubs service dont le but est de permettre la mise en réseau de professionnels, étudiants ou d'entreprises."	"Rotary, Lionsclub, Studentenverbindung, Bruderschaft"		2016-12-19T08:35:32	"Zünfte, Verbindungen und Serviceclubs"	"Handwerkerzünfte, Studentenverbindungen sowie andere Vereinigungen wie Serviceclubs, deren Zweck letztlich die Vernetzung von Berufsleuten, Studenten und Unternehmern zum Zweck haben. "	"Rotary, Lionsclub, Studentenverbindung, Bruderschaft"	1482132932
"Kleintierzucht"	"Kleintierzucht"	"Elevage de petits animaux"	"Kleintierzucht / Elevage de petits animaux"	147	"Kleintierzucht"	"Elevage de petits animaux"	15	"Kaninchenzüchter und andere Kleintierzüchter, (vorwiegend Freizeitbereich)."	"Éleveurs de lapins et autres éleveurs de petits animaux."			2019-04-09T08:58:37	"Kleintierzucht"	"Kaninchenzüchter und andere Kleintierzüchter, (vorwiegend Freizeitbereich)."		1554793117
"Internationale Institutionen"	"Internationale Institutionen"		"Internationale Institutionen"	148	"Internationale Institutionen"		13	"Internationale Institutionen und Organisationen."	"Institutions et des organisations internationale."	"UNO, EU, EFTA"		2019-08-26T10:15:48	"Internationale Institutionen"	"Internationale Institutionen und Organisationen."	"UNO, EU, EFTA"	1566807348
