:TYPE	id:int	parlamentarier_id:START_ID(parlamentarier_id)	person_id:END_ID(person_id)	parlamentarier_kommissionen:string	funktion:string	funktion_fr:string	von:date	bis:date	updated_by_import:localdatetime	freigabe_datum:localdatetime
HAT_ZUTRITTSBERECHTIGTER	63	40	68	"GK-V, KVF-NR, WBK-NR"	"Bildungsorganisation savoirsuisse"					2016-06-23T11:01:59
HAT_ZUTRITTSBERECHTIGTER	77	55	83	"GPK-NR, WAK-NR"	"Stiftung für Konsumentenschutz"					2016-03-18T11:03:50
HAT_ZUTRITTSBERECHTIGTER	79	57	85	"FK-NR, UREK-NR"	"Invité(e)"				2017-04-10T22:13:06	2020-07-02T23:05:05
HAT_ZUTRITTSBERECHTIGTER	84	63	90	"APF-V, APK-NR, UREK-NR"	"Gast"					2020-07-15T12:11:27
HAT_ZUTRITTSBERECHTIGTER	116	227	123	"EFTA/EU, ERD-V, GK-V, SGK-SR, WAK-SR, WBK-SR"	"Hotz Communications AG"				2017-04-10T22:13:06	2020-07-02T23:05:05
HAT_ZUTRITTSBERECHTIGTER	119	97	126	"NATO-V, OSZE, SiK-NR"	"Gast"				2017-04-10T22:13:06	2020-07-02T23:05:05
HAT_ZUTRITTSBERECHTIGTER	121	99	128	"FK-NR, SiK-NR"	"Schweizer Brauerei-Verband (SGV)"					2019-01-10T17:16:29
HAT_ZUTRITTSBERECHTIGTER	123	103	130	"Bü-NR, KVF-NR, SiK-NR"	"Köhler, Stüdeli & Partner GmbH"				2017-04-10T22:13:06	2016-03-18T11:05:59
HAT_ZUTRITTSBERECHTIGTER	143	120	150	"IPU, KVF-NR, SiK-NR"	"Gast"					2016-03-18T11:05:59
HAT_ZUTRITTSBERECHTIGTER	169	238	176	"APK-NS 20-30, APK-SR, NATO-V, RedK-V, RK-SR, SiK-SR, SPK-SR"	"Persönlicher Mitarbeiter"					2019-05-10T15:46:17
HAT_ZUTRITTSBERECHTIGTER	176	153	183	"BeK-V, GPDel-V, GPK-NR, UREK-NR"	"Migros-Genossenschafts-Bund"					2020-07-15T17:22:06
HAT_ZUTRITTSBERECHTIGTER	180	158	187	"APK-NR, APK-NS 20-30, GK-V, RK-NR"	"Institute for Security Analysis and Strategic Networking"				2017-04-10T22:13:06	2016-11-10T14:52:01
HAT_ZUTRITTSBERECHTIGTER	183	160	190	"Del D-V, UREK-SR, WAK-SR, WBK-SR"	"furrerhugi AG"				2017-04-10T22:13:06	2019-01-10T18:04:37
HAT_ZUTRITTSBERECHTIGTER	194	171	201	"WAK-NR"	"furrerhugi.ag Svizzera Italiana"					2019-07-19T14:06:36
HAT_ZUTRITTSBERECHTIGTER	207	183	214	"Del A-V, WAK-NR"	"Stiftung Landschaftsschutz SL-FP"				2017-04-10T22:13:06	2016-03-18T11:06:40
HAT_ZUTRITTSBERECHTIGTER	220	195	227	"GPK-NR, SPK-NR"	"Persönlicher Mitarbeiter"					2016-12-16T18:14:11
HAT_ZUTRITTSBERECHTIGTER	221	196	228	"FK-SR, UREK-SR, WAK-SR"	"WWF Suisse"				2017-04-10T22:13:06	2020-07-02T23:06:15
HAT_ZUTRITTSBERECHTIGTER	235	210	243	"KVF-NR, WBK-NR"	"Gast"					2019-04-25T10:53:39
HAT_ZUTRITTSBERECHTIGTER	245	49	253	"APK-NR, WAK-NR"	"Wohnbaugenosschenschaften Schweiz"				2017-04-10T22:13:06	2020-05-19T17:32:27
HAT_ZUTRITTSBERECHTIGTER	276	85	284	"KVF-NR, SPK-NR"	"Verband der Schweizerischen Gasindustrie (VSG)"					2020-07-02T23:05:05
HAT_ZUTRITTSBERECHTIGTER	286	97	294	"NATO-V, OSZE, SiK-NR"	"Regierungsrat des Kantons Luzern"				2017-04-10T22:13:06	2020-07-15T14:51:47
HAT_ZUTRITTSBERECHTIGTER	290	103	298	"Bü-NR, KVF-NR, SiK-NR"	"ewz"				2017-04-10T22:13:06	2019-08-19T09:16:31
HAT_ZUTRITTSBERECHTIGTER	296	110	304	"FK-NR, SGK-NR"	"Schweizerischer Berufsverband Pflegefachfrauen und -männer"				2017-04-10T22:13:06	2016-11-05T12:17:42
HAT_ZUTRITTSBERECHTIGTER	297	228	305	"Bü-SR, Del A-V, Del FL-V, KVF-SR, SGK-SR, SiK-SR, VD, WBK-SR"	"Persönlicher Mitarbeiter"					2016-11-07T15:24:14
HAT_ZUTRITTSBERECHTIGTER	322	137	330	"BeK-V, GK-V, RK-NR, WAK-NR"	"Gast"	"Invitée"				2020-07-02T23:05:05
HAT_ZUTRITTSBERECHTIGTER	339	159	347	"Bü-NR, UREK-NR"	"Verkehrsclub Schweiz"				2017-04-10T22:13:06	2020-07-16T17:45:51
HAT_ZUTRITTSBERECHTIGTER	340	160	348	"Del D-V, UREK-SR, WAK-SR, WBK-SR"	"furrerhugi AG"				2017-04-10T22:13:06	2019-01-10T17:37:38
HAT_ZUTRITTSBERECHTIGTER	341	161	349	"APK-NR, EFTA/EU"	"AEE Suisse; CRK"				2019-07-12T22:07:21	2016-03-18T11:06:40
HAT_ZUTRITTSBERECHTIGTER	348	171	356	"WAK-NR"	"Persönliche Mitarbeiterin"					2019-07-24T13:20:13
HAT_ZUTRITTSBERECHTIGTER	368	195	376	"GPK-NR, SPK-NR"	"Insos Schweiz"					2019-07-27T12:48:42
HAT_ZUTRITTSBERECHTIGTER	381	210	389	"KVF-NR, WBK-NR"	"Dynamics Group"				2020-10-30T22:06:41	2019-05-21T19:34:40
HAT_ZUTRITTSBERECHTIGTER	384	246	392	"FK-SR, RedK-V, UREK-SR, WAK-SR"	"SEV Gewerkschaft des Verkehrspersonals"				2017-04-10T22:13:06	2020-05-09T17:10:29
HAT_ZUTRITTSBERECHTIGTER	387	49	396	"APK-NR, WAK-NR"	"ASLOCA"				2017-04-10T22:13:06	2016-03-18T11:03:50
HAT_ZUTRITTSBERECHTIGTER	395	227	404	"EFTA/EU, ERD-V, GK-V, SGK-SR, WAK-SR, WBK-SR"	"Krauthammer & Partner"				2020-08-30T23:51:42	2020-07-02T23:05:05
HAT_ZUTRITTSBERECHTIGTER	398	34	407	"Bü-SR, Bü-VBV-V, Del A-V, Del FL-V, SGK-SR, SiK-SR, VD, WAK-SR"	"Persönliche/r Mitarbeiter/in"				2018-10-05T20:08:58	2016-03-18T11:05:59
HAT_ZUTRITTSBERECHTIGTER	415	34	424	"Bü-SR, Bü-VBV-V, Del A-V, Del FL-V, SGK-SR, SiK-SR, VD, WAK-SR"	"Persönlicher Mitarbeiter"					2016-03-18T11:05:59
HAT_ZUTRITTSBERECHTIGTER	419	248	428	"APK-NR, EFTA/EU"	"KPMG"				2017-04-10T22:13:06	2020-07-02T23:06:15
HAT_ZUTRITTSBERECHTIGTER	437	76	447	"BeK-V, Del I-V, GPK-SR, OSZE, SPK-SR, UREK-SR"	"Gast"					2019-08-16T14:30:35
HAT_ZUTRITTSBERECHTIGTER	526	65	467	"Bü-NR, KVF-NR, SiK-NR, VD"	"hotelleriesuisse"	"hotelleriesuisse"	2015-03-05			2019-07-27T13:07:40
HAT_ZUTRITTSBERECHTIGTER	552	261	494	"SiK-NR, SPK-NR"	"Gast"					2019-05-07T14:30:21
HAT_ZUTRITTSBERECHTIGTER	557	265	498	"Del I-V, GPK-NR, SPK-NR"	"Persönlicher Mitarbeiter"		2015-12-15			2016-03-18T11:03:50
HAT_ZUTRITTSBERECHTIGTER	558	268	500	"KVF-NR"	"Invité(e)"		2015-12-15		2019-12-02T21:29:53	2019-08-19T09:19:54
HAT_ZUTRITTSBERECHTIGTER	561	270	425	"Del F-V, RedK-V, SPK-NR"	"UDC Vaud"	"UDC Vaud"			2017-04-10T22:13:06	2016-03-18T11:03:50
HAT_ZUTRITTSBERECHTIGTER	566	67	269	"UREK-NR, WBK-NR"	"Farner Consulting AG"		2015-12-15		2018-11-02T20:08:33	2018-12-10T10:04:27
HAT_ZUTRITTSBERECHTIGTER	571	277	510	"WAK-NR"	"Gast"					2016-03-21T00:00:00
HAT_ZUTRITTSBERECHTIGTER	578	99	513	"FK-NR, SiK-NR"	"GastroSuisse"					2019-01-10T17:26:56
HAT_ZUTRITTSBERECHTIGTER	581	284	516	"APK-SR, SiK-SR, WBK-SR"	"Persönliche/r Mitarbeiter/in"				2019-12-02T21:29:53	2016-10-17T21:26:41
HAT_ZUTRITTSBERECHTIGTER	583	104	518	"APF-V, ERD-V, FK-NR"	"Biofluels Schweiz"					2020-07-02T23:02:50
HAT_ZUTRITTSBERECHTIGTER	592	117	523	"SGK-NR, WBK-NR"	"Persönlicher Mitarbeiter"					2016-11-28T07:25:59
HAT_ZUTRITTSBERECHTIGTER	599	296	526	"IK-NR, SGK-NR"	"Alliance Sud"		2015-12-18			2020-07-15T15:16:12
HAT_ZUTRITTSBERECHTIGTER	600	296	230	"IK-NR, SGK-NR"	"Schweizerischer Gewerkschaftsbund"		2015-12-18			2016-03-18T11:05:59
HAT_ZUTRITTSBERECHTIGTER	605	297	528	"GPK-NR, SGK-NR"	"Persönlicher Mitarbeiter"	"Collaborateur personel"	2015-12-18			2016-06-27T07:22:16
HAT_ZUTRITTSBERECHTIGTER	608	161	530	"APK-NR, EFTA/EU"	"Gast"		2015-12-18			2020-07-15T15:19:50
HAT_ZUTRITTSBERECHTIGTER	613	178	142	"WAK-NR"	"Schweizer Bauernverband"		2015-12-18			2019-05-21T19:27:54
HAT_ZUTRITTSBERECHTIGTER	617	300	535	"UREK-NR"	"Gast"		2015-12-18			2019-07-21T11:46:15
HAT_ZUTRITTSBERECHTIGTER	618	300	534	"UREK-NR"	"Persönlicher Mitarbeiter"		2015-12-18			2019-07-30T10:35:11
HAT_ZUTRITTSBERECHTIGTER	620	301	155	"GPDel-V, GPK-SR, KVF-SR, NATO-V, OSZE, SiK-SR"	"Persönlicher Mitarbeiter"		2015-12-18			2020-07-02T23:06:15
HAT_ZUTRITTSBERECHTIGTER	627	21	540	"Del A-V, RK-NR, WAK-NR"	"Treuhand Suisse"		2015-12-18		2017-07-01T19:11:47	2016-06-27T13:31:03
HAT_ZUTRITTSBERECHTIGTER	638	251	544	"Bü-NR, WAK-NR"	"Persönliche Mitarbeiterin"	"Collaboratrice personelle"	2015-12-15			2020-07-02T23:02:50
HAT_ZUTRITTSBERECHTIGTER	639	251	314	"Bü-NR, WAK-NR"	"Schweizerischer Arbeitgeberverband"					2020-07-02T23:05:05
HAT_ZUTRITTSBERECHTIGTER	645	315	549	"KVF-SR, NATO-V, OSZE, SGK-SR, SiK-SR"	"Verband der verladenden Wirtschaft"		2015-12-15			2020-07-02T23:02:50
HAT_ZUTRITTSBERECHTIGTER	646	315	384	"KVF-SR, NATO-V, OSZE, SGK-SR, SiK-SR"	"dynamicsgroup"		2015-12-15			2020-07-02T23:06:15
HAT_ZUTRITTSBERECHTIGTER	648	86	550	"Del F-V, ERD-V, FK-SR, KVF-SR, SiK-SR"	"Fédération vaudoise des entrepreneurs (FVE)"		2015-12-15			2016-10-17T21:46:41
HAT_ZUTRITTSBERECHTIGTER	661	6	353	"GPK-NR, IK-NR, SGK-NR"	"Schweizerischer Gewerbeverband"		2016-01-21			2016-03-18T11:03:50
HAT_ZUTRITTSBERECHTIGTER	662	98	554	"SPK-NR"	"Alliance Sud"		2016-01-21			2016-11-25T17:18:03
HAT_ZUTRITTSBERECHTIGTER	665	11	557	"GK-V, SGK-NR"	"furrerhugi.ag"		2016-01-24		2017-04-10T22:13:06	2018-06-29T11:18:08
HAT_ZUTRITTSBERECHTIGTER	672	280	266	"IK-NR, IPU, RK-NR"	"GREA-Groupement Romand d'Etudes des Addictions"		2016-02-29		2017-04-10T22:13:06	2020-07-28T10:13:59
HAT_ZUTRITTSBERECHTIGTER	674	279	564	"RK-NR, WBK-NR"	"Gast"	"Collaborateur personnel"	2016-03-01		2019-12-02T21:29:53	2019-07-24T13:22:08
HAT_ZUTRITTSBERECHTIGTER	675	279	565	"RK-NR, WBK-NR"	"Gast"		2016-03-01			2020-04-13T16:36:53
HAT_ZUTRITTSBERECHTIGTER	676	266	568	"APF-V, GPDel-V, GPK-SR, RedK-V, RK-SR, SPK-SR"	"Suissetec"		2016-03-01			2016-03-18T11:03:50
HAT_ZUTRITTSBERECHTIGTER	677	314	567	"GPK-NR, UREK-NR"	"Persönliche/r Mitarbeiter/in"		2016-03-01			2016-10-17T21:32:52
HAT_ZUTRITTSBERECHTIGTER	682	297	89	"GPK-NR, SGK-NR"	"Centre patronal"		2016-03-01			2020-07-15T15:28:10
HAT_ZUTRITTSBERECHTIGTER	687	316	573	"FK-SR, RedK-V, SGK-SR, WAK-SR"	"Raiffeisen Schweiz"		2016-03-01			2020-07-02T23:02:50
HAT_ZUTRITTSBERECHTIGTER	688	316	574	"FK-SR, RedK-V, SGK-SR, WAK-SR"	"Persönlicher Mitarbeiter"	"Collaborateur personnel"	2016-03-01			2020-07-02T23:06:15
HAT_ZUTRITTSBERECHTIGTER	696	142	487	"APK-NR, APK-NS 20-30, RK-NR"	"polsan AG / FDP Stadt Bern"				2019-12-02T21:29:53	2016-10-17T21:26:41
HAT_ZUTRITTSBERECHTIGTER	702	319	251	"APK-SR, FK-SR, GK-V, RK-SR, UREK-SR"	"Schweizerischer Anwaltsverband / Fédération Suisse des Avocats"	"Fédération Suisse des Avocats"	2016-03-01		2017-04-10T22:13:06	2020-05-31T10:23:41
HAT_ZUTRITTSBERECHTIGTER	705	309	579	"SiK-NR"	"Farner Consulting AG"		2016-03-01			2016-10-23T12:54:01
HAT_ZUTRITTSBERECHTIGTER	706	246	246	"FK-SR, RedK-V, UREK-SR, WAK-SR"	"Public Affairs und Regulation SBB AG"		2016-01-21		2017-04-10T22:13:06	2016-03-18T11:06:40
HAT_ZUTRITTSBERECHTIGTER	713	93	584	"RK-NR"	"Gast"					2016-11-10T15:24:36
HAT_ZUTRITTSBERECHTIGTER	727	11	406	"GK-V, SGK-NR"	"Swisscom AG"					2019-07-21T12:48:28
HAT_ZUTRITTSBERECHTIGTER	729	117	4	"SGK-NR, WBK-NR"	"Hirslanden AG, Privatkliniken Schweiz"		2016-04-18		2019-12-11T21:26:27	2016-04-23T09:51:58
HAT_ZUTRITTSBERECHTIGTER	730	180	448	"Del D-V, IK-NR, SGK-NR, UREK-NR"	"Berner Bauernverband"		2016-04-18			2019-05-07T14:15:56
HAT_ZUTRITTSBERECHTIGTER	732	116	145	"ERD-V, GPDel-V, GPK-NR"	"Gast"		2016-04-18			2016-09-11T09:25:05
HAT_ZUTRITTSBERECHTIGTER	739	39	597	"APK-NR, Bü-NR, Bü-VBV-V, OSZE, VD"	"Berner Bauernverband"		2016-06-21			2019-07-24T13:11:05
HAT_ZUTRITTSBERECHTIGTER	750	125	608	"APK-SR, IPU, RK-SR, SiK-SR, SPK-SR"	"Kaufmännischer Verband"	"Société des employés de commerce"	2016-06-21			2020-07-15T18:03:53
HAT_ZUTRITTSBERECHTIGTER	753	192	611	"APF-V, APK-SR, BeK-V, Del F-V, EFTA/EU, GPK-SR, RK-SR"	"Agile.ch"	"Agile.ch"	2016-06-18			2019-07-24T13:23:23
HAT_ZUTRITTSBERECHTIGTER	764	289	616	"GPK-NR, UREK-NR"	"Gast"		2016-09-19			2019-07-18T11:28:34
HAT_ZUTRITTSBERECHTIGTER	765	299	617	"BeK-V, Del F-V, IK-NR, UREK-NR"	"CCIF du canton de Fribourg"	"Invité"	2016-09-19		2017-10-13T20:06:34	2016-10-31T21:55:36
HAT_ZUTRITTSBERECHTIGTER	767	6	619	"GPK-NR, IK-NR, SGK-NR"	"Intergenerika"		2016-10-05			2020-07-02T23:05:05
HAT_ZUTRITTSBERECHTIGTER	769	317	81	"FinDel-V, FK-SR, SGK-SR, WAK-SR"	"Die Schweizerische Post AG"		2016-10-05			2020-07-02T23:02:50
HAT_ZUTRITTSBERECHTIGTER	771	142	622	"APK-NR, APK-NS 20-30, RK-NR"	"Persönlicher Mitarbeiter"	"Collaborateur personnel"	2016-10-05			2020-07-02T23:05:05
HAT_ZUTRITTSBERECHTIGTER	778	321	312	"KVF-SR, SiK-SR, WAK-SR"	"Persönlicher Mitarbeiter"		2016-11-30			2020-07-15T10:11:49
HAT_ZUTRITTSBERECHTIGTER	791	125	635	"APK-SR, IPU, RK-SR, SiK-SR, SPK-SR"	"Persönliche Mitarbeiterin"	"Collaboratrice personnelle"				2017-04-08T17:40:36
HAT_ZUTRITTSBERECHTIGTER	794	149	141	"WAK-NR"	"Solar Agentur Schweiz"		2017-04-03			2017-04-07T10:09:39
HAT_ZUTRITTSBERECHTIGTER	801	93	640	"RK-NR"	"Verband Schweizerischer Polizei-Beamter"		2017-04-10		2017-04-10T22:13:06	2017-04-28T07:25:02
HAT_ZUTRITTSBERECHTIGTER	809	106	648	"WAK-NR"	"EIT.swiss"		2017-06-07		2019-12-02T21:29:53	2017-09-13T08:44:28
HAT_ZUTRITTSBERECHTIGTER	822	323	514	"WAK-NR"	"Office des affaires extérieures, Etat de Vaud"	"Etat de Vaud"	2017-06-17		2017-08-25T20:06:50	2020-07-02T23:05:05
HAT_ZUTRITTSBERECHTIGTER	828	211	656	"SPK-NR, WAK-NR"	"Terre des Femmes"		2017-09-01		2017-09-01T20:06:47	2018-07-04T16:20:11
HAT_ZUTRITTSBERECHTIGTER	842	323	662	"WAK-NR"	"Schweizerischer Gewerkschaftsbund (SGB)"		2017-10-27		2017-10-27T20:06:26	2017-12-16T13:59:26
HAT_ZUTRITTSBERECHTIGTER	843	153	663	"BeK-V, GPDel-V, GPK-NR, UREK-NR"	"Schweizer Musikrat"		2017-10-27		2017-10-27T20:06:26	2017-12-22T14:40:37
HAT_ZUTRITTSBERECHTIGTER	846	289	332	"GPK-NR, UREK-NR"	"Gastro Suisse"		2017-11-10		2017-11-10T20:06:27	2017-12-16T13:37:39
HAT_ZUTRITTSBERECHTIGTER	854	248	669	"APK-NR, EFTA/EU"	"Schweizerische Bankiervereinigung"		2017-12-01		2017-12-01T12:33:22	2018-01-11T19:01:37
HAT_ZUTRITTSBERECHTIGTER	860	174	264	"APF-V, WBK-NR"	"Réseau FUTUREscience et politique"		2017-12-30		2020-08-30T23:51:42	2020-07-15T17:24:35
HAT_ZUTRITTSBERECHTIGTER	875	183	541	"Del A-V, WAK-NR"	"Union Syndicale Suisse USS"		2018-03-16		2018-03-16T20:08:04	2018-07-04T19:23:45
HAT_ZUTRITTSBERECHTIGTER	876	334	371	"GPK-NR, KVF-NR"	"Pro Natura"		2018-03-16		2018-03-16T20:08:04	2020-07-02T23:05:05
HAT_ZUTRITTSBERECHTIGTER	887	250	689	"EFTA/EU, WAK-NR"	"Persönliche/r Mitarbeiter/in"		2018-05-22		2018-05-22T05:29:56	2018-08-07T09:37:35
HAT_ZUTRITTSBERECHTIGTER	888	250	690	"EFTA/EU, WAK-NR"	"Gast"		2018-05-22		2019-12-02T21:29:53	2020-09-02T07:36:45
HAT_ZUTRITTSBERECHTIGTER	889	326	258	"SiK-NR"	"Gast"		2018-05-22		2018-05-22T05:29:56	2018-08-07T09:35:41
HAT_ZUTRITTSBERECHTIGTER	890	98	691	"SPK-NR"	"Schweizerischer MieterInnenverband SMV"		2018-05-25		2018-05-25T20:06:25	2018-07-02T13:53:17
HAT_ZUTRITTSBERECHTIGTER	891	330	69	"APK-NR, Del F-V"	"Procap Suisse"		2018-06-01		2018-06-01T20:07:44	2020-07-15T12:44:13
HAT_ZUTRITTSBERECHTIGTER	894	21	694	"Del A-V, RK-NR, WAK-NR"	"Schweizerische Bankiervereinigung"		2018-06-01		2018-06-01T20:07:44	2018-07-04T18:06:07
HAT_ZUTRITTSBERECHTIGTER	895	295	695	"BeK-V, Bü-SR, Del F-V, KVF-SR, RedK-V, RK-SR, SPK-SR, UREK-SR"	"WWF Suisse"		2018-06-15		2018-06-15T20:08:09	2018-07-02T13:53:17
HAT_ZUTRITTSBERECHTIGTER	898	85	698	"KVF-NR, SPK-NR"	"Schweizerischer Städteverband"		2018-09-07		2018-09-07T20:08:32	2018-11-06T20:48:55
HAT_ZUTRITTSBERECHTIGTER	899	53	699	"GK-V, WAK-NR"	"alliance F"		2018-09-07		2018-09-07T20:08:32	2018-11-06T20:41:08
HAT_ZUTRITTSBERECHTIGTER	903	337	22	"Bü-NR, KVF-NR, WBK-NR"	"Pro Familia Schweiz"		2018-09-07		2018-09-07T20:08:32	2018-11-16T15:48:22
HAT_ZUTRITTSBERECHTIGTER	908	178	387	"WAK-NR"	"Schweizer Bauernverband"		2018-10-05		2018-10-05T20:08:58	2020-07-15T17:45:41
HAT_ZUTRITTSBERECHTIGTER	917	330	709	"APK-NR, Del F-V"	"furrerhugi AG et Fédération suisse des patients"		2018-12-21		2018-12-21T20:08:59	2019-03-29T07:33:42
HAT_ZUTRITTSBERECHTIGTER	921	122	712	"UREK-NR"	"Schweizerische Energie-Stiftung"		2018-12-21		2018-12-21T20:08:59	2019-03-11T14:02:41
HAT_ZUTRITTSBERECHTIGTER	926	187	710	"FinDel-V, FK-NR, GK-V, RK-NR"	"Jugendsession"		2019-02-08		2019-02-08T20:08:55	2019-05-05T18:52:01
HAT_ZUTRITTSBERECHTIGTER	930	294	718	"WAK-NR"	"Persönliche/r Mitarbeiter/in"		2019-03-09		2019-03-09T19:11:46	2019-05-05T18:52:01
HAT_ZUTRITTSBERECHTIGTER	932	196	613	"FK-SR, UREK-SR, WAK-SR"	"Greenpeace"		2019-03-09		2019-03-09T19:11:46	2019-03-27T12:56:01
HAT_ZUTRITTSBERECHTIGTER	935	132	438	"WAK-NR"	"Axpo Holding AG"		2019-03-09		2019-03-09T19:11:46	2019-07-21T13:06:12
HAT_ZUTRITTSBERECHTIGTER	937	339	723	"SPK-NR"	"Kinderlobby"		2019-04-02		2019-04-02T08:27:00	2019-05-07T14:19:13
HAT_ZUTRITTSBERECHTIGTER	938	283	724	"SGK-NR, SPK-NR"	"Persönliche/r Mitarbeiter/in"		2019-04-12		2019-04-12T20:08:46	2019-05-06T21:07:24
HAT_ZUTRITTSBERECHTIGTER	940	167	163	"KVF-NR, WBK-NR"	"scienceindustries"		2019-06-07		2019-06-07T20:09:22	2020-01-31T09:27:42
HAT_ZUTRITTSBERECHTIGTER	942	317	727	"FinDel-V, FK-SR, SGK-SR, WAK-SR"	"Gast"		2019-06-07		2019-06-07T20:09:22	2020-02-26T13:55:25
HAT_ZUTRITTSBERECHTIGTER	946	309	731	"SiK-NR"	"VFAS - Verband freier Autohandel"		2019-07-12		2019-07-12T22:07:21	2020-02-17T14:35:54
HAT_ZUTRITTSBERECHTIGTER	950	154	736	"RedK-V, UREK-NR"	"Tierschutz"		2019-09-13		2019-09-13T22:11:56	2020-02-17T14:22:44
HAT_ZUTRITTSBERECHTIGTER	961	172	738	"Del A-V, RK-NR"	"Persönliche/r Mitarbeiter/in"		2019-10-18		2019-10-18T22:10:00	2020-04-16T15:15:11
HAT_ZUTRITTSBERECHTIGTER	963	44	149	"SGK-NR, WAK-NR"	"Invité(e)"		2019-12-02		2019-12-02T21:29:53	2020-07-15T17:59:09
HAT_ZUTRITTSBERECHTIGTER	977	89	753	"APK-NR, Del A-V, Del FL-V, FK-NR, OSZE"	"Alliance Sud"		2019-12-02		2019-12-02T21:29:53	2020-02-15T12:33:24
HAT_ZUTRITTSBERECHTIGTER	981	108	553	"FinDel-V, FK-NR"	"Union des Radios Régionales Romandes"		2019-12-02		2019-12-02T21:29:53	2020-01-31T09:24:54
HAT_ZUTRITTSBERECHTIGTER	1022	301	797	"GPDel-V, GPK-SR, KVF-SR, NATO-V, OSZE, SiK-SR"	"Gast"		2019-12-02		2019-12-02T21:29:53	2020-04-16T15:11:07
HAT_ZUTRITTSBERECHTIGTER	1024	40	60	"GK-V, KVF-NR, WBK-NR"	"Pro Velo Schweiz"		2019-12-03		2019-12-03T21:01:18	2020-01-31T09:24:54
HAT_ZUTRITTSBERECHTIGTER	1025	265	704	"Del I-V, GPK-NR, SPK-NR"	"Pink Cross"		2019-12-03		2019-12-03T21:01:18	2020-01-31T09:24:54
HAT_ZUTRITTSBERECHTIGTER	1026	362	799	"RK-NR"	"Bildungskommission ICT Switzerland"		2019-12-03		2019-12-03T21:01:18	2020-02-23T11:46:37
HAT_ZUTRITTSBERECHTIGTER	1027	272	506	"WAK-NR"	"Persönliche/r Mitarbeiter/in"		2019-12-03		2019-12-03T21:01:18	2020-01-31T09:24:54
HAT_ZUTRITTSBERECHTIGTER	1028	67	93	"UREK-NR, WBK-NR"	"BIOMASSE Schweiz"		2019-12-03		2019-12-03T21:01:18	2020-01-31T09:24:54
HAT_ZUTRITTSBERECHTIGTER	1030	388	801	"ERD-V, RedK-V, SPK-NR"	"Collaborateur(rice) personnel(le)"		2019-12-03		2019-12-03T21:01:18	2020-03-07T10:31:09
HAT_ZUTRITTSBERECHTIGTER	1031	392	802	"IK-NR, SiK-NR"	"Invité(e)"		2019-12-03		2019-12-03T21:01:18	2020-02-24T11:02:27
HAT_ZUTRITTSBERECHTIGTER	1032	392	803	"IK-NR, SiK-NR"	"Collaborateur(rice) personnel(le)"		2019-12-03		2019-12-03T21:01:18	2020-03-06T14:27:54
HAT_ZUTRITTSBERECHTIGTER	1033	277	804	"WAK-NR"	"Gast"		2019-12-03		2019-12-03T21:01:18	2020-04-16T15:14:16
HAT_ZUTRITTSBERECHTIGTER	1034	280	659	"IK-NR, IPU, RK-NR"	"ellips public affairs & consulting"		2019-12-03		2019-12-03T21:01:18	2020-01-31T09:24:54
HAT_ZUTRITTSBERECHTIGTER	1035	80	805	"GPDel-V, GPK-NR, SGK-NR"	"Bereichsleiterin Sozialpolitik und Interessenvertretung AGIL"		2019-12-03		2019-12-03T21:01:18	2020-02-24T15:44:53
HAT_ZUTRITTSBERECHTIGTER	1037	82	807	"APK-NR, APK-NS 20-30, FK-NR, IK-NR"	"Pink Cross"		2019-12-03		2019-12-03T21:01:18	2020-02-15T12:24:28
HAT_ZUTRITTSBERECHTIGTER	1038	395	629	"SiK-NR, WBK-NR"	"Gruppe für eine Schweiz ohne Armee GSoA"		2019-12-03		2019-12-03T21:01:18	2020-01-31T09:24:54
HAT_ZUTRITTSBERECHTIGTER	1039	89	808	"APK-NR, Del A-V, Del FL-V, FK-NR, OSZE"	"Casafair Schweiz"		2019-12-03		2019-12-03T21:01:18	2020-02-28T11:34:44
HAT_ZUTRITTSBERECHTIGTER	1041	348	578	"GPK-NR, SPK-NR"	"Gast"		2019-12-03		2019-12-03T21:01:18	2020-01-31T09:24:54
HAT_ZUTRITTSBERECHTIGTER	1042	285	519	"APK-NR"	"Gast"		2019-12-03		2019-12-03T21:01:18	2020-01-31T09:24:54
HAT_ZUTRITTSBERECHTIGTER	1044	391	809	"FK-NR"	"Gast"		2019-12-03		2019-12-03T21:01:18	2020-02-12T20:32:53
HAT_ZUTRITTSBERECHTIGTER	1045	391	527	"FK-NR"	"Gast"		2019-12-03		2019-12-03T21:01:18	2020-01-31T09:24:54
HAT_ZUTRITTSBERECHTIGTER	1048	116	439	"ERD-V, GPDel-V, GPK-NR"	"Dr. Thomas Borer Consulting"		2019-12-03		2019-12-03T21:01:18	2020-01-09T10:56:32
HAT_ZUTRITTSBERECHTIGTER	1049	394	512	"SiK-NR"	"ASTAG Schweiz"		2019-12-03		2019-12-03T21:01:18	2020-01-31T09:24:54
HAT_ZUTRITTSBERECHTIGTER	1050	399	812	"RK-NR"	"Invité(e)"		2019-12-03		2019-12-03T21:01:18	2020-02-28T14:46:54
HAT_ZUTRITTSBERECHTIGTER	1053	144	493	"SPK-NR, UREK-NR"	"WWF Schweiz"		2019-12-03		2019-12-03T21:01:18	2020-01-31T09:24:54
HAT_ZUTRITTSBERECHTIGTER	1054	407	271	"FK-NR"	"FMH"		2019-12-03		2019-12-03T21:01:18	2020-01-31T09:24:54
HAT_ZUTRITTSBERECHTIGTER	1055	15	815	"Bü-VBV-V, SGK-NR, SPK-NR"	"Collaborateur(rice) personnel(le)"		2019-12-03		2019-12-03T21:01:18	2020-02-28T14:43:21
HAT_ZUTRITTSBERECHTIGTER	1056	167	816	"KVF-NR, WBK-NR"	"Gast"		2019-12-03		2019-12-03T21:01:18	2020-04-16T15:02:32
HAT_ZUTRITTSBERECHTIGTER	1057	378	714	"IK-NR, KVF-NR"	"Alpen-Initiative"		2019-12-03		2019-12-03T21:01:18	2020-01-31T09:24:54
HAT_ZUTRITTSBERECHTIGTER	1058	414	817	"Del FL-V, SiK-NR"	"Gast"		2019-12-03		2019-12-03T21:01:18	2020-04-16T15:13:11
HAT_ZUTRITTSBERECHTIGTER	1059	172	682	"Del A-V, RK-NR"	"AUNS Aktion für eine unabhängige und neutrale Schweiz"		2019-12-03		2019-12-03T21:01:18	2020-01-31T09:24:54
HAT_ZUTRITTSBERECHTIGTER	1060	174	818	"APF-V, WBK-NR"	"Amnesty Internatioanl"		2019-12-03		2019-12-03T21:01:18	2020-02-15T12:09:52
HAT_ZUTRITTSBERECHTIGTER	1062	416	820	"BeK-V, SiK-NR"	"Persönliche/r Mitarbeiter/in"		2019-12-03		2019-12-03T21:01:18	2020-02-13T07:53:59
HAT_ZUTRITTSBERECHTIGTER	1063	416	821	"BeK-V, SiK-NR"	"Persönliche/r Mitarbeiter/in"		2019-12-03		2019-12-03T21:01:18	2020-02-23T12:16:49
HAT_ZUTRITTSBERECHTIGTER	1064	187	204	"FinDel-V, FK-NR, GK-V, RK-NR"	"Pro Natura"		2019-12-03		2019-12-03T21:01:18	2020-01-31T09:24:54
HAT_ZUTRITTSBERECHTIGTER	1065	188	316	"APK-NR, APK-NS 20-30, EFTA/EU"	"Handelskammer beider Basel"		2019-12-03		2019-12-03T21:01:18	2020-01-31T09:24:54
HAT_ZUTRITTSBERECHTIGTER	1066	188	366	"APK-NR, APK-NS 20-30, EFTA/EU"	"Arbeitgeberverband"		2019-12-03		2019-12-03T21:01:18	2020-01-31T09:24:54
HAT_ZUTRITTSBERECHTIGTER	1067	304	822	"GPK-NR, SiK-NR"	"GF Fachstelle Frauenhandel und Frauenmigration"		2019-12-03		2019-12-03T21:01:18	2020-02-17T15:30:12
HAT_ZUTRITTSBERECHTIGTER	1068	304	399	"GPK-NR, SiK-NR"	"GS Verband Schweizerischer Polizei-Beamter"		2019-12-03		2019-12-03T21:01:18	2020-01-31T09:24:54
HAT_ZUTRITTSBERECHTIGTER	1069	419	823	"RedK-V, WBK-NR"	"Gast"		2019-12-03		2019-12-03T21:01:18	2020-02-28T10:33:01
HAT_ZUTRITTSBERECHTIGTER	1070	419	824	"RedK-V, WBK-NR"	"Gast"		2019-12-03		2019-12-03T21:01:18	2020-02-28T10:35:34
HAT_ZUTRITTSBERECHTIGTER	1071	387	825	"FK-NR"	"Persönliche/r Mitarbeiter/in"		2019-12-03		2019-12-03T21:01:18	2020-02-23T11:16:48
HAT_ZUTRITTSBERECHTIGTER	1072	361	826	"BeK-V, Del FL-V, GK-V, IK-NR, UREK-NR"	"Gast"		2019-12-03		2019-12-03T21:01:18	2020-02-17T14:50:32
HAT_ZUTRITTSBERECHTIGTER	1073	361	827	"BeK-V, Del FL-V, GK-V, IK-NR, UREK-NR"	"Persönliche/r Mitarbeiter/in"		2019-12-03		2019-12-03T21:01:18	2020-02-17T15:12:47
HAT_ZUTRITTSBERECHTIGTER	1074	422	828	"APF-V, APK-NR, EFTA/EU, RK-NR"	"SOS Méditerranée"		2019-12-03		2019-12-03T21:01:18	2020-02-17T14:15:41
HAT_ZUTRITTSBERECHTIGTER	1075	335	829	"SGK-NR"	"Geschäftsführerin SF MVB"		2019-12-03		2019-12-03T21:01:18	2020-02-17T15:39:52
HAT_ZUTRITTSBERECHTIGTER	1076	363	830	"UREK-NR"	"Persönliche/r Mitarbeiter/in"		2019-12-03		2019-12-03T21:01:18	2020-04-16T15:01:33
HAT_ZUTRITTSBERECHTIGTER	1077	363	831	"UREK-NR"	"Gast"		2019-12-03		2019-12-03T21:01:18	2020-02-15T12:43:13
HAT_ZUTRITTSBERECHTIGTER	1078	266	570	"APF-V, GPDel-V, GPK-SR, RedK-V, RK-SR, SPK-SR"	"Swiss Leading Hospitals"		2019-12-03		2019-12-03T21:01:18	2020-01-31T09:24:54
HAT_ZUTRITTSBERECHTIGTER	1081	295	832	"BeK-V, Bü-SR, Del F-V, KVF-SR, RedK-V, RK-SR, SPK-SR, UREK-SR"	"Canton de Genève"		2019-12-03		2019-12-03T21:01:18	2020-02-15T12:37:09
HAT_ZUTRITTSBERECHTIGTER	1082	318	146	"APK-SR, EFTA/EU, SGK-SR, SPK-SR, UREK-SR"	"FMH. Berufsverband der Schweizer Ärztinnen"		2019-12-03		2019-12-03T21:01:18	2020-01-31T09:24:54
HAT_ZUTRITTSBERECHTIGTER	1083	318	96	"APK-SR, EFTA/EU, SGK-SR, SPK-SR, UREK-SR"	"Dynamics Group AG"		2019-12-03		2019-12-03T21:01:18	2020-01-31T09:24:54
HAT_ZUTRITTSBERECHTIGTER	1085	44	234	"SGK-NR, WAK-NR"	"Centre patronal"		2019-12-05		2019-12-05T20:33:39	2020-01-31T09:24:54
HAT_ZUTRITTSBERECHTIGTER	1087	88	117	"Bü-NR, ERD-V, NATO-V, SiK-NR"	"Médecins de famille suisse"		2019-12-05		2019-12-05T20:33:39	2020-01-31T09:24:54
HAT_ZUTRITTSBERECHTIGTER	1088	376	834	"WBK-NR"	"Persönliche/r Mitarbeiter/in"		2019-12-05		2019-12-05T20:33:39	2020-02-17T14:49:09
HAT_ZUTRITTSBERECHTIGTER	1089	96	125	"UREK-NR"	"WWF Schweiz"		2019-12-05		2019-12-05T20:33:39	2020-01-31T09:24:54
HAT_ZUTRITTSBERECHTIGTER	1090	96	687	"UREK-NR"	"VBSA"		2019-12-05		2019-12-05T20:33:39	2020-01-31T09:24:54
HAT_ZUTRITTSBERECHTIGTER	1091	104	555	"APF-V, ERD-V, FK-NR"	"Invité(e)"		2019-12-05		2019-12-05T20:33:39	2020-07-02T23:02:50
HAT_ZUTRITTSBERECHTIGTER	1092	328	121	"WBK-NR"	"Persönliche/r Mitarbeiter/in"		2019-12-05		2019-12-05T20:33:39	2020-01-31T09:24:54
HAT_ZUTRITTSBERECHTIGTER	1093	396	711	"BeK-V, Del I-V, RedK-V, SPK-NR"	"Alpen-Initiative"		2019-12-05		2019-12-05T20:33:39	2020-01-31T09:24:54
HAT_ZUTRITTSBERECHTIGTER	1094	396	835	"BeK-V, Del I-V, RedK-V, SPK-NR"	"transfair, associazione del personale"		2019-12-05		2019-12-05T20:33:39	2020-02-15T12:52:54
HAT_ZUTRITTSBERECHTIGTER	1095	287	592	"BeK-V, GPK-NR, SiK-NR"	"Persönliche/r Mitarbeiter/in"		2019-12-05		2019-12-05T20:33:39	2020-01-31T09:24:54
HAT_ZUTRITTSBERECHTIGTER	1096	299	836	"BeK-V, Del F-V, IK-NR, UREK-NR"	"Invité(e)"		2019-12-05		2019-12-05T20:33:39	2020-04-11T15:06:07
HAT_ZUTRITTSBERECHTIGTER	1097	168	641	"BeK-V, IK-NR, KVF-NR, WBK-NR"	"Krebsliga"		2019-12-05		2019-12-05T20:33:39	2020-01-31T09:24:54
HAT_ZUTRITTSBERECHTIGTER	1098	170	489	"Del I-V, KVF-NR, RedK-V"	"UPC"		2019-12-05		2019-12-05T20:33:39	2020-07-15T09:56:31
HAT_ZUTRITTSBERECHTIGTER	1099	331	593	"Bü-NR, Del F-V, RedK-V, SGK-NR"	"Association des entreprises électriques suisses AES"		2019-12-05		2019-12-05T20:33:39	2020-01-31T09:24:54
HAT_ZUTRITTSBERECHTIGTER	1100	353	558	"GPK-NR, SPK-NR"	"Gast"		2019-12-05		2019-12-05T20:33:39	2020-01-31T09:24:54
HAT_ZUTRITTSBERECHTIGTER	1101	206	239	"GPK-NR"	"Gast"		2019-12-05		2019-12-05T20:33:39	2020-01-31T09:24:54
HAT_ZUTRITTSBERECHTIGTER	1102	422	837	"APF-V, APK-NR, EFTA/EU, RK-NR"	"TGNS"		2019-12-05		2019-12-05T20:33:39	2020-02-17T15:22:57
HAT_ZUTRITTSBERECHTIGTER	1105	102	517	"GPDel-V, GPK-SR, SGK-SR, WBK-SR"	"Bio Suisse"		2019-12-05		2019-12-05T20:33:39	2020-01-31T09:24:54
HAT_ZUTRITTSBERECHTIGTER	1106	36	552	"Del A-V, Del FL-V, KVF-SR, SGK-SR, WAK-SR"	"Unia"		2019-12-05		2019-12-05T20:33:39	2020-01-31T09:24:54
HAT_ZUTRITTSBERECHTIGTER	1107	38	21	"Bü-VBV-V, GK-V, GPK-SR, SGK-SR, SPK-SR"	"Schweizerische Gesundheitsligen-Konferenz"		2019-12-05		2019-12-05T20:33:39	2020-01-31T09:24:54
HAT_ZUTRITTSBERECHTIGTER	1108	38	50	"Bü-VBV-V, GK-V, GPK-SR, SGK-SR, SPK-SR"	"Perron Campaigns"		2019-12-05		2019-12-05T20:33:39	2020-07-02T23:02:50
HAT_ZUTRITTSBERECHTIGTER	1109	219	32	"APK-NS 20-30, APK-SR, Del D-V, SGK-SR, UREK-SR, WAK-SR"	"Schweizerischer Verband freier Berufe SVFB"		2019-12-09		2019-12-09T09:14:56	2020-01-31T09:24:54
HAT_ZUTRITTSBERECHTIGTER	1110	219	318	"APK-NS 20-30, APK-SR, Del D-V, SGK-SR, UREK-SR, WAK-SR"	"Association Spitex privée Suisse ASPS"		2019-12-09		2019-12-09T09:14:56	2020-05-07T12:53:53
HAT_ZUTRITTSBERECHTIGTER	1111	36	840	"Del A-V, Del FL-V, KVF-SR, SGK-SR, WAK-SR"	"Schweizerischer Gewerkschaftsbund"		2019-12-09		2019-12-09T09:14:56	2020-02-28T10:52:24
HAT_ZUTRITTSBERECHTIGTER	1112	374	841	"APK-NR, Del I-V, RedK-V"	"Ospite"		2019-12-11		2019-12-11T21:26:27	2020-02-28T10:34:10
HAT_ZUTRITTSBERECHTIGTER	1113	120	136	"IPU, KVF-NR, SiK-NR"	"Public Affairs Swisscom"		2019-12-11		2019-12-11T21:26:27	2020-01-31T09:24:54
HAT_ZUTRITTSBERECHTIGTER	1114	410	842	"GK-V, SGK-NR, SiK-NR"	"umverkehR / actif-trafiC"		2019-12-11		2019-12-11T21:26:27	2020-02-17T14:32:24
HAT_ZUTRITTSBERECHTIGTER	1115	410	843	"GK-V, SGK-NR, SiK-NR"	"Collaborateur(rice) personnel(le)"		2019-12-11		2019-12-11T21:26:27	2020-02-15T12:35:12
HAT_ZUTRITTSBERECHTIGTER	1116	302	844	"SGK-NR"	"Swissmem"		2019-12-11		2019-12-11T21:26:27	2020-05-28T21:41:52
HAT_ZUTRITTSBERECHTIGTER	1117	354	845	"FK-NR, RedK-V"	"Procap Schweiz, Olten"		2019-12-11		2019-12-11T21:26:27	2020-02-17T15:47:00
HAT_ZUTRITTSBERECHTIGTER	1118	212	245	"KVF-NR, UREK-NR"	"auto-schweiz"		2019-12-11		2019-12-11T21:26:27	2020-01-31T09:24:54
HAT_ZUTRITTSBERECHTIGTER	1119	212	735	"KVF-NR, UREK-NR"	"strasseschweiz / routesuisse"		2019-12-11		2019-12-11T21:26:27	2020-02-28T14:34:56
HAT_ZUTRITTSBERECHTIGTER	1120	261	478	"SiK-NR, SPK-NR"	"Invité(e)"		2019-12-16		2019-12-16T15:54:02	2020-01-31T09:24:54
HAT_ZUTRITTSBERECHTIGTER	1121	122	317	"UREK-NR"	"ecos AG"		2019-12-16		2019-12-16T15:54:02	2020-01-31T09:24:54
HAT_ZUTRITTSBERECHTIGTER	1122	329	846	"Bü-NR, Bü-VBV-V, SPK-NR, VD"	"Schweizerischer Gewerkschaftsbund"		2019-12-16		2019-12-16T15:54:02	2020-02-24T11:13:48
HAT_ZUTRITTSBERECHTIGTER	1123	359	681	"SGK-NR"	"Digitale Gesellschaft (DigiGes)"		2019-12-16		2019-12-16T15:54:02	2020-01-31T09:24:54
HAT_ZUTRITTSBERECHTIGTER	1124	293	624	"RK-NR, SiK-NR"	"NEBS"		2019-12-16		2019-12-16T15:54:02	2020-01-31T09:24:54
HAT_ZUTRITTSBERECHTIGTER	1125	332	666	"APK-NR, APK-NS 20-30, GPK-NR"	"Neue Europäische Bewegung Schweiz (NEBS)"		2019-12-16		2019-12-16T15:54:02	2020-01-31T09:24:54
HAT_ZUTRITTSBERECHTIGTER	1126	332	344	"APK-NR, APK-NS 20-30, GPK-NR"	"AllianceSud"		2019-12-16		2019-12-16T15:54:02	2020-07-02T23:02:50
HAT_ZUTRITTSBERECHTIGTER	1128	179	533	"Bü-NR, Del I-V, KVF-NR, RedK-V, SPK-NR"	"Travail.Suisse"		2019-12-16		2019-12-16T15:54:02	2020-01-31T09:24:54
HAT_ZUTRITTSBERECHTIGTER	1129	346	848	"WAK-NR"	"Suisseculture Sociale"		2019-12-16		2019-12-16T15:54:02	2020-02-15T12:49:07
HAT_ZUTRITTSBERECHTIGTER	1130	418	849	"KVF-NR"	"Gast"		2019-12-16		2019-12-16T15:54:02	2020-02-23T11:18:58
HAT_ZUTRITTSBERECHTIGTER	1131	334	850	"GPK-NR, KVF-NR"	"VCS Verkehrs-Club der Schweiz"		2019-12-16		2019-12-16T15:54:02	2020-03-06T13:41:50
HAT_ZUTRITTSBERECHTIGTER	1132	273	283	"GPK-SR, KVF-SR, RedK-V, SiK-SR"	"Schweizerischer Gewerbeverband"		2019-12-16		2019-12-16T15:54:02	2020-01-31T09:24:54
HAT_ZUTRITTSBERECHTIGTER	1133	355	851	"APK-NR, FK-NR, IPU, OSZE"	"Ökostrom Schweiz"		2020-02-09		2020-02-09T12:20:42	2020-04-16T15:11:07
HAT_ZUTRITTSBERECHTIGTER	1134	355	437	"APK-NR, FK-NR, IPU, OSZE"	"Plattform Agenda 2030"		2020-02-09		2020-02-09T12:20:42	2020-02-25T17:44:21
HAT_ZUTRITTSBERECHTIGTER	1135	358	852	"WAK-NR"	"Persönliche/r Mitarbeiter/in"		2020-02-09		2020-02-09T12:20:42	2020-03-06T13:43:35
HAT_ZUTRITTSBERECHTIGTER	1136	53	461	"GK-V, WAK-NR"	"SONART - Musikschaffende Schweiz"		2020-02-09		2020-02-09T12:20:42	2020-02-25T17:44:21
HAT_ZUTRITTSBERECHTIGTER	1137	364	853	"GPK-NR, SPK-NR"	"Gast"		2020-02-09		2020-02-09T12:20:42	2020-04-06T12:22:23
HAT_ZUTRITTSBERECHTIGTER	1138	424	854	"RK-NR"	"Persönliche/r Mitarbeiter/in"		2020-02-09		2020-02-09T12:20:42	2020-03-06T14:12:22
HAT_ZUTRITTSBERECHTIGTER	1139	270	458	"Del F-V, RedK-V, SPK-NR"	"Verband Schweizerischer Kantonalbanken VSKB"		2020-02-09		2020-02-09T12:20:42	2020-02-25T17:44:21
HAT_ZUTRITTSBERECHTIGTER	1140	375	390	"BeK-V, UREK-NR"	"Schweizer Heimatschutz"		2020-02-09		2020-02-09T12:20:42	2020-02-25T17:44:21
HAT_ZUTRITTSBERECHTIGTER	1141	356	855	"WAK-NR"	"Persönliche/r Mitarbeiter/in"		2020-02-09		2020-02-09T12:20:42	2020-05-28T21:36:25
HAT_ZUTRITTSBERECHTIGTER	1142	347	856	"RK-NR"	"LOS - Lesbenorganisation Schweiz"		2020-02-09		2020-02-09T12:20:42	2020-03-06T14:35:55
HAT_ZUTRITTSBERECHTIGTER	1143	347	857	"RK-NR"	"Fachstelle Migration Refbejuso"		2020-02-09		2020-02-09T12:20:42	2020-03-12T07:40:55
HAT_ZUTRITTSBERECHTIGTER	1144	348	697	"GPK-NR, SPK-NR"	"Leiterin Politik Swisscleantech"		2020-02-09		2020-02-09T12:20:42	2020-02-25T17:44:21
HAT_ZUTRITTSBERECHTIGTER	1145	106	602	"WAK-NR"	"Verband Schweizerischer Elektrizitätsunternehmen (VSE)"		2020-02-09		2020-02-09T12:20:42	2020-02-25T17:44:21
HAT_ZUTRITTSBERECHTIGTER	1146	110	665	"FK-NR, SGK-NR"	"Personalverband des Bundes"		2020-02-09		2020-02-09T12:20:42	2020-02-25T17:44:21
HAT_ZUTRITTSBERECHTIGTER	1147	329	858	"Bü-NR, Bü-VBV-V, SPK-NR, VD"	"Schweizerische Energiestiftung"		2020-02-09		2020-02-09T12:20:42	2020-02-28T14:29:15
HAT_ZUTRITTSBERECHTIGTER	1148	351	859	"SGK-NR"	"Union syndicale suisse"		2020-02-09		2020-02-09T12:20:42	2020-03-12T07:38:11
HAT_ZUTRITTSBERECHTIGTER	1149	339	860	"SPK-NR"	"SBAA"		2020-02-09		2020-02-09T12:20:42	2020-02-28T14:49:59
HAT_ZUTRITTSBERECHTIGTER	1150	407	861	"FK-NR"	"Dedale solutions"		2020-02-09		2020-02-09T12:20:42	2020-03-06T13:52:29
HAT_ZUTRITTSBERECHTIGTER	1151	298	566	"APF-V, BeK-V, FK-NR, IK-NR"	"Prometerre"		2020-02-09		2020-02-09T12:20:42	2020-02-25T17:44:21
HAT_ZUTRITTSBERECHTIGTER	1152	298	862	"APF-V, BeK-V, FK-NR, IK-NR"	"ASSAF / SALS"		2020-02-09		2020-02-09T12:20:42	2020-04-16T15:11:37
HAT_ZUTRITTSBERECHTIGTER	1153	158	863	"APK-NR, APK-NS 20-30, GK-V, RK-NR"	"Association des Banquiers Privés Suisses"		2020-02-09		2020-02-09T12:20:42	2020-05-28T21:33:08
HAT_ZUTRITTSBERECHTIGTER	1154	166	195	"APK-NR, Del D-V, IK-NR, SPK-NR"	"Gast"		2020-02-09		2020-02-09T12:20:42	2020-02-25T17:44:21
HAT_ZUTRITTSBERECHTIGTER	1155	166	864	"APK-NR, Del D-V, IK-NR, SPK-NR"	"Gast"		2020-02-09		2020-02-09T12:20:42	2020-02-24T18:09:04
HAT_ZUTRITTSBERECHTIGTER	1156	168	865	"BeK-V, IK-NR, KVF-NR, WBK-NR"	"Croix-Rouge Suisse"		2020-02-09		2020-02-09T12:20:42	2020-05-30T13:47:11
HAT_ZUTRITTSBERECHTIGTER	1157	409	866	"SiK-NR"	"Société vaudoise pour la protection des animaux"		2020-02-09		2020-02-09T12:20:42	2020-02-24T18:18:03
HAT_ZUTRITTSBERECHTIGTER	1158	409	867	"SiK-NR"	"Collaborateur(rice) personnel(le)"		2020-02-09		2020-02-09T12:20:42	2020-02-28T14:23:03
HAT_ZUTRITTSBERECHTIGTER	1159	413	868	"WBK-NR"	"Pronatura"		2020-02-09		2020-02-09T12:20:42	2020-02-24T14:48:08
HAT_ZUTRITTSBERECHTIGTER	1161	179	870	"Bü-NR, Del I-V, KVF-NR, RedK-V, SPK-NR"	"Generalsekretärin KS/CS Kommunikation Schweiz"		2020-02-09		2020-02-09T12:20:42	2020-04-16T15:13:40
HAT_ZUTRITTSBERECHTIGTER	1162	417	542	"WBK-NR"	"Collaborateur(rice) personnel(le)"		2020-02-09		2020-02-09T12:20:42	2020-03-06T14:14:48
HAT_ZUTRITTSBERECHTIGTER	1163	346	95	"WAK-NR"	"Ecopolitics GmbH, Bern"		2020-02-09		2020-02-09T12:20:42	2020-02-25T17:44:21
HAT_ZUTRITTSBERECHTIGTER	1164	349	871	"KVF-NR, SiK-NR"	"Schweizerischer Zivildienstverband CIVIVA"		2020-02-09		2020-02-09T12:20:42	2020-02-24T14:46:19
HAT_ZUTRITTSBERECHTIGTER	1165	349	872	"KVF-NR, SiK-NR"	"Verein Klimaschutz Schweiz"		2020-02-09		2020-02-09T12:20:42	2020-02-24T14:18:30
HAT_ZUTRITTSBERECHTIGTER	1166	206	603	"GPK-NR"	"Parl. Gruppe Schweiz-Israel"		2020-02-09		2020-02-09T12:20:42	2020-02-25T17:44:21
HAT_ZUTRITTSBERECHTIGTER	1167	335	873	"SGK-NR"	"Travail.Suisse"		2020-02-09		2020-02-09T12:20:42	2020-02-24T14:41:44
HAT_ZUTRITTSBERECHTIGTER	1168	310	408	"APF-V, APK-NR, IPU"	"Organisation des Suisses de l'étranger"		2020-02-09		2020-02-09T12:20:42	2020-02-25T17:44:21
HAT_ZUTRITTSBERECHTIGTER	1169	310	334	"APF-V, APK-NR, IPU"	"Invité(e)"		2020-02-09		2020-02-09T12:20:42	2020-05-30T13:54:20
HAT_ZUTRITTSBERECHTIGTER	1170	211	874	"SPK-NR, WAK-NR"	"Aids-Hilfe Schweiz / Aide Suisse contre le Sida / Aiuto Aids"		2020-02-09		2020-02-09T12:20:42	2020-02-24T18:07:02
HAT_ZUTRITTSBERECHTIGTER	1171	401	609	"Bü-SR, GPK-SR, UREK-SR, WBK-SR"	"Invité(e)"		2020-02-09		2020-02-09T12:20:42	2020-02-25T17:44:21
HAT_ZUTRITTSBERECHTIGTER	1172	273	479	"GPK-SR, KVF-SR, RedK-V, SiK-SR"	"ASTAG - Schweizerischer Nutzfahrzeugverband"		2020-02-09		2020-02-09T12:20:42	2020-02-25T17:44:21
HAT_ZUTRITTSBERECHTIGTER	1174	4	677	"Del I-V, FK-SR, RedK-V, SGK-SR, WBK-SR"	"Deputazione ticinese alle Camere federali"		2020-02-09		2020-02-09T12:20:42	2020-02-25T17:44:21
HAT_ZUTRITTSBERECHTIGTER	1175	275	508	"APK-SR, Del I-V, GPK-SR, OSZE, RedK-V, SPK-SR"	"Ordine dei Medici del Canton Ticino"		2020-02-09		2020-02-09T12:20:42	2020-02-25T17:44:21
HAT_ZUTRITTSBERECHTIGTER	1176	275	667	"APK-SR, Del I-V, GPK-SR, OSZE, RedK-V, SPK-SR"	"Ospite"		2020-02-09		2020-02-09T12:20:42	2020-02-25T17:44:21
HAT_ZUTRITTSBERECHTIGTER	1177	102	679	"GPDel-V, GPK-SR, SGK-SR, WBK-SR"	"Inclusion Handicap, Bern"		2020-02-09		2020-02-09T12:20:42	2020-02-25T17:44:21
HAT_ZUTRITTSBERECHTIGTER	1178	235	166	"APF-V, APK-NS 20-30, APK-SR, ERD-V, RedK-V, RK-SR, WAK-SR"	"Union syndicale suisse"		2020-02-09		2020-02-09T12:20:42	2020-02-25T17:44:21
HAT_ZUTRITTSBERECHTIGTER	1179	406	286	"ERD-V, KVF-SR, RedK-V, WBK-SR"	"Canton du Valais"		2020-02-09		2020-02-09T12:20:42	2020-02-25T17:44:21
HAT_ZUTRITTSBERECHTIGTER	1180	192	97	"APF-V, APK-SR, BeK-V, Del F-V, EFTA/EU, GPK-SR, RK-SR"	"Groupe interparlementaire Suisse -Arménie"		2020-02-09		2020-02-09T12:20:42	2020-02-25T17:44:21
HAT_ZUTRITTSBERECHTIGTER	1181	421	876	"APK-SR, RK-SR, SiK-SR"	"Antenne romande de Bio Suisse"		2020-02-09		2020-02-09T12:20:42	2020-02-24T18:10:56
HAT_ZUTRITTSBERECHTIGTER	1182	358	877	"WAK-NR"	"Landwirtschaft mit Zukunft"		2020-02-21		2020-02-21T11:00:19	2020-02-28T14:56:12
HAT_ZUTRITTSBERECHTIGTER	1183	362	878	"RK-NR"	"Persönliche/r Mitarbeiter/in"		2020-02-21		2020-02-21T11:00:19	2020-04-28T08:43:41
HAT_ZUTRITTSBERECHTIGTER	1184	373	381	"SPK-NR"	"comparis.ch"		2020-02-21		2020-02-21T11:00:19	2020-07-15T17:57:34
HAT_ZUTRITTSBERECHTIGTER	1185	340	879	"IK-NR, KVF-NR, RK-NR"	"Persönliche/r Mitarbeiter/in"		2020-02-21		2020-02-21T11:00:19	2020-02-28T11:52:48
HAT_ZUTRITTSBERECHTIGTER	1186	343	306	"Del A-V, WBK-NR"	"Gast"		2020-02-21		2020-02-21T11:00:19	2020-02-25T17:44:21
HAT_ZUTRITTSBERECHTIGTER	1187	399	218	"RK-NR"	"Gast"		2020-02-21		2020-02-21T11:00:19	2020-02-25T17:44:21
HAT_ZUTRITTSBERECHTIGTER	1189	170	167	"Del I-V, KVF-NR, RedK-V"	"Swiss Communication Agency Sagl"		2020-02-21		2020-02-21T11:00:19	2020-07-02T23:06:15
HAT_ZUTRITTSBERECHTIGTER	1190	198	237	"Bü-NR, Del D-V, IK-NR, KVF-NR"	"Verband öffentlicher Verkehr VöV"		2020-02-21		2020-02-21T11:00:19	2020-02-25T17:44:21
HAT_ZUTRITTSBERECHTIGTER	1191	198	882	"Bü-NR, Del D-V, IK-NR, KVF-NR"	"Gewerbeverein"		2020-02-21		2020-02-21T11:00:19	2020-02-28T15:02:11
HAT_ZUTRITTSBERECHTIGTER	1192	4	636	"Del I-V, FK-SR, RedK-V, SGK-SR, WBK-SR"	"Collaboratore/trice personale"		2020-02-21		2020-02-21T11:00:19	2020-02-25T17:44:21
HAT_ZUTRITTSBERECHTIGTER	1193	412	880	"WBK-NR"	"Suisseculture"		2020-02-28		2020-02-28T22:11:10	2020-04-16T08:46:50
HAT_ZUTRITTSBERECHTIGTER	1194	51	884	"IK-NR, UREK-NR"	"Mr. Campaigning"		2020-03-06		2020-03-06T22:12:51	2020-04-05T15:38:25
HAT_ZUTRITTSBERECHTIGTER	1195	364	885	"GPK-NR, SPK-NR"	"Bank Julius Bär & Co. AG"		2020-03-06		2020-03-06T22:12:51	2020-04-06T12:09:11
HAT_ZUTRITTSBERECHTIGTER	1196	389	886	"FK-NR, RedK-V"	"Plateforme des ONG suisses pour les droits humains"		2020-03-06		2020-03-06T22:12:51	2020-05-30T13:37:02
HAT_ZUTRITTSBERECHTIGTER	1197	375	84	"BeK-V, UREK-NR"	"Swissolar"		2020-03-06		2020-03-06T22:12:51	2020-04-16T15:18:21
HAT_ZUTRITTSBERECHTIGTER	1198	291	670	"APK-NR, Del D-V"	"Gast"		2020-03-06		2020-03-06T22:12:51	2020-04-16T08:46:50
HAT_ZUTRITTSBERECHTIGTER	1199	397	887	"WBK-NR"	"Lehrerinnen und Lehrer Schweiz LCH"		2020-03-06		2020-03-06T22:12:51	2020-04-06T11:04:26
HAT_ZUTRITTSBERECHTIGTER	1200	397	120	"WBK-NR"	"Mitinhaber pluswert gmbh"		2020-03-06		2020-03-06T22:12:51	2020-04-16T08:46:50
HAT_ZUTRITTSBERECHTIGTER	1201	404	888	"RK-NR"	"Collaborateur(rice) personnel(le)"		2020-03-06		2020-03-06T22:12:51	2020-04-06T10:54:48
HAT_ZUTRITTSBERECHTIGTER	1202	144	889	"SPK-NR, UREK-NR"	"Persönliche/r Mitarbeiter/in"		2020-03-06		2020-03-06T22:12:51	2020-04-06T10:46:55
HAT_ZUTRITTSBERECHTIGTER	1203	367	890	"Del FL-V, WAK-NR"	"Fédération romande des consommateurs (FRC)"		2020-03-06		2020-03-06T22:12:51	2020-05-30T13:14:35
HAT_ZUTRITTSBERECHTIGTER	1204	333	400	"Del A-V, GK-V, GPK-NR, UREK-NR"	"Schweizer Tourismus-Verband"		2020-03-06		2020-03-06T22:12:51	2020-04-16T08:46:50
HAT_ZUTRITTSBERECHTIGTER	1205	411	488	"GPK-NR, SGK-NR"	"Schweizerischer Gewerkschaftsbund"		2020-03-06		2020-03-06T22:12:51	2020-04-16T08:46:50
HAT_ZUTRITTSBERECHTIGTER	1206	366	684	"Del D-V, FK-NR"	"Co-Geschäftsleiterin AvenirSocial"		2020-03-06		2020-03-06T22:12:51	2020-04-16T08:46:50
HAT_ZUTRITTSBERECHTIGTER	1207	86	891	"Del F-V, ERD-V, FK-SR, KVF-SR, SiK-SR"	"Collaborateur(rice) personnel(le)"		2020-03-06		2020-03-06T22:12:51	2020-04-22T16:04:52
HAT_ZUTRITTSBERECHTIGTER	1209	400	893	"APK-SR, Del FL-V, GPK-SR, WBK-SR"	"SIX Group"		2020-03-06		2020-03-06T22:12:51	2020-04-21T12:33:19
HAT_ZUTRITTSBERECHTIGTER	1210	400	18	"APK-SR, Del FL-V, GPK-SR, WBK-SR"	"Schweizerischer Versicherungsverband SVV"		2020-03-06		2020-03-06T22:12:51	2020-04-16T08:46:50
HAT_ZUTRITTSBERECHTIGTER	1211	408	894	"GPK-NR, KVF-NR"	"Greenpeace"		2020-03-13		2020-03-13T22:12:14	2020-04-06T11:15:17
HAT_ZUTRITTSBERECHTIGTER	1212	402	895	"APF-V, Del F-V, GPK-SR, SiK-SR"	"Invité(e)"		2020-03-13		2020-03-13T22:12:14	2020-04-05T14:29:52
HAT_ZUTRITTSBERECHTIGTER	1215	340	898	"IK-NR, KVF-NR, RK-NR"	"Gast"		2020-05-03		2020-05-03T09:02:03	2020-05-20T15:09:05
HAT_ZUTRITTSBERECHTIGTER	1216	82	899	"APK-NR, APK-NS 20-30, FK-NR, IK-NR"	"Persönliche/r Mitarbeiter/in"		2020-05-03		2020-05-03T09:02:03	2020-05-20T14:40:28
HAT_ZUTRITTSBERECHTIGTER	1217	398	900	"RK-NR"	"Collaborateur(rice) personnel(le)"		2020-05-03		2020-05-03T09:02:03	2020-05-20T15:06:21
HAT_ZUTRITTSBERECHTIGTER	1218	398	901	"RK-NR"	"ASLOCA Suisse"		2020-05-03		2020-05-03T09:02:03	2020-05-20T14:45:35
HAT_ZUTRITTSBERECHTIGTER	1222	132	301	"WAK-NR"	"Galenica"					2020-07-22T18:04:15
